GEO.id,GEO.id2,GEO.display-label,HD01_VD01,HD02_VD01
Id,Id2,Geography,Estimate; Total,Margin of Error; Total
8600000US06390,6390,ZCTA5 06390,303,151
8600000US07421,7421,ZCTA5 07421,7281,512
8600000US10001,10001,ZCTA5 10001,23332,1740
8600000US10002,10002,ZCTA5 10002,78096,2456
8600000US10003,10003,ZCTA5 10003,56767,1934
8600000US10004,10004,ZCTA5 10004,3044,509
8600000US10005,10005,ZCTA5 10005,8710,840
8600000US10006,10006,ZCTA5 10006,3277,438
8600000US10007,10007,ZCTA5 10007,6740,665
8600000US10009,10009,ZCTA5 10009,59799,1682
8600000US10010,10010,ZCTA5 10010,32854,2303
8600000US10011,10011,ZCTA5 10011,50404,2300
8600000US10012,10012,ZCTA5 10012,24536,1279
8600000US10013,10013,ZCTA5 10013,28211,1443
8600000US10014,10014,ZCTA5 10014,31464,1227
8600000US10016,10016,ZCTA5 10016,50444,2138
8600000US10017,10017,ZCTA5 10017,16533,1281
8600000US10018,10018,ZCTA5 10018,9684,664
8600000US10019,10019,ZCTA5 10019,39505,1902
8600000US10020,10020,ZCTA5 10020,0,11
8600000US10021,10021,ZCTA5 10021,45261,2254
8600000US10022,10022,ZCTA5 10022,30262,1518
8600000US10023,10023,ZCTA5 10023,60307,2076
8600000US10024,10024,ZCTA5 10024,58516,2518
8600000US10025,10025,ZCTA5 10025,94717,3033
8600000US10026,10026,ZCTA5 10026,38540,1563
8600000US10027,10027,ZCTA5 10027,64120,2111
8600000US10028,10028,ZCTA5 10028,48205,2498
8600000US10029,10029,ZCTA5 10029,79411,2268
8600000US10030,10030,ZCTA5 10030,30358,1743
8600000US10031,10031,ZCTA5 10031,60778,2207
8600000US10032,10032,ZCTA5 10032,63189,2242
8600000US10033,10033,ZCTA5 10033,59353,2098
8600000US10034,10034,ZCTA5 10034,43951,1444
8600000US10035,10035,ZCTA5 10035,34187,1557
8600000US10036,10036,ZCTA5 10036,25987,1305
8600000US10037,10037,ZCTA5 10037,20112,1117
8600000US10038,10038,ZCTA5 10038,22300,1299
8600000US10039,10039,ZCTA5 10039,27471,1471
8600000US10040,10040,ZCTA5 10040,45033,1900
8600000US10044,10044,ZCTA5 10044,11731,784
8600000US10065,10065,ZCTA5 10065,30001,1675
8600000US10069,10069,ZCTA5 10069,5231,923
8600000US10075,10075,ZCTA5 10075,23353,1929
8600000US10103,10103,ZCTA5 10103,0,11
8600000US10110,10110,ZCTA5 10110,0,11
8600000US10111,10111,ZCTA5 10111,0,11
8600000US10112,10112,ZCTA5 10112,0,11
8600000US10115,10115,ZCTA5 10115,0,11
8600000US10119,10119,ZCTA5 10119,0,11
8600000US10128,10128,ZCTA5 10128,63006,1978
8600000US10152,10152,ZCTA5 10152,0,11
8600000US10153,10153,ZCTA5 10153,0,11
8600000US10154,10154,ZCTA5 10154,0,11
8600000US10162,10162,ZCTA5 10162,1253,501
8600000US10165,10165,ZCTA5 10165,0,11
8600000US10167,10167,ZCTA5 10167,0,11
8600000US10168,10168,ZCTA5 10168,0,11
8600000US10169,10169,ZCTA5 10169,0,11
8600000US10170,10170,ZCTA5 10170,0,11
8600000US10171,10171,ZCTA5 10171,0,11
8600000US10172,10172,ZCTA5 10172,0,11
8600000US10173,10173,ZCTA5 10173,0,11
8600000US10174,10174,ZCTA5 10174,0,11
8600000US10177,10177,ZCTA5 10177,0,11
8600000US10199,10199,ZCTA5 10199,0,11
8600000US10271,10271,ZCTA5 10271,0,11
8600000US10278,10278,ZCTA5 10278,0,11
8600000US10279,10279,ZCTA5 10279,0,11
8600000US10280,10280,ZCTA5 10280,9845,920
8600000US10282,10282,ZCTA5 10282,5635,616
8600000US10301,10301,ZCTA5 10301,39519,1400
8600000US10302,10302,ZCTA5 10302,17758,1028
8600000US10303,10303,ZCTA5 10303,24562,1103
8600000US10304,10304,ZCTA5 10304,42054,1611
8600000US10305,10305,ZCTA5 10305,41533,1522
8600000US10306,10306,ZCTA5 10306,55031,1841
8600000US10307,10307,ZCTA5 10307,15275,882
8600000US10308,10308,ZCTA5 10308,30347,1296
8600000US10309,10309,ZCTA5 10309,33459,1503
8600000US10310,10310,ZCTA5 10310,24250,1079
8600000US10311,10311,ZCTA5 10311,0,11
8600000US10312,10312,ZCTA5 10312,60951,1748
8600000US10314,10314,ZCTA5 10314,88585,1749
8600000US10451,10451,ZCTA5 10451,48289,2064
8600000US10452,10452,ZCTA5 10452,75288,1836
8600000US10453,10453,ZCTA5 10453,80516,1838
8600000US10454,10454,ZCTA5 10454,38938,1575
8600000US10455,10455,ZCTA5 10455,42779,1648
8600000US10456,10456,ZCTA5 10456,92712,2672
8600000US10457,10457,ZCTA5 10457,74010,2392
8600000US10458,10458,ZCTA5 10458,81698,2395
8600000US10459,10459,ZCTA5 10459,47972,1391
8600000US10460,10460,ZCTA5 10460,60266,1806
8600000US10461,10461,ZCTA5 10461,50255,1977
8600000US10462,10462,ZCTA5 10462,78725,2050
8600000US10463,10463,ZCTA5 10463,71657,2078
8600000US10464,10464,ZCTA5 10464,4300,587
8600000US10465,10465,ZCTA5 10465,44950,1458
8600000US10466,10466,ZCTA5 10466,71645,1977
8600000US10467,10467,ZCTA5 10467,103045,2490
8600000US10468,10468,ZCTA5 10468,75537,2155
8600000US10469,10469,ZCTA5 10469,71664,2346
8600000US10470,10470,ZCTA5 10470,14574,922
8600000US10471,10471,ZCTA5 10471,21601,1055
8600000US10472,10472,ZCTA5 10472,68972,2039
8600000US10473,10473,ZCTA5 10473,61818,1562
8600000US10474,10474,ZCTA5 10474,12793,857
8600000US10475,10475,ZCTA5 10475,44749,2646
8600000US10501,10501,ZCTA5 10501,1226,215
8600000US10502,10502,ZCTA5 10502,5513,210
8600000US10503,10503,ZCTA5 10503,137,58
8600000US10504,10504,ZCTA5 10504,7903,342
8600000US10505,10505,ZCTA5 10505,905,238
8600000US10506,10506,ZCTA5 10506,5963,661
8600000US10507,10507,ZCTA5 10507,6859,623
8600000US10509,10509,ZCTA5 10509,19419,540
8600000US10510,10510,ZCTA5 10510,10423,471
8600000US10511,10511,ZCTA5 10511,2263,235
8600000US10512,10512,ZCTA5 10512,25076,950
8600000US10514,10514,ZCTA5 10514,12688,660
8600000US10516,10516,ZCTA5 10516,5486,259
8600000US10517,10517,ZCTA5 10517,584,279
8600000US10518,10518,ZCTA5 10518,1478,350
8600000US10519,10519,ZCTA5 10519,137,94
8600000US10520,10520,ZCTA5 10520,12797,375
8600000US10522,10522,ZCTA5 10522,11058,24
8600000US10523,10523,ZCTA5 10523,9058,595
8600000US10524,10524,ZCTA5 10524,4268,240
8600000US10526,10526,ZCTA5 10526,1522,237
8600000US10527,10527,ZCTA5 10527,836,182
8600000US10528,10528,ZCTA5 10528,13066,618
8600000US10530,10530,ZCTA5 10530,12800,693
8600000US10532,10532,ZCTA5 10532,5019,295
8600000US10533,10533,ZCTA5 10533,7590,387
8600000US10535,10535,ZCTA5 10535,685,294
8600000US10536,10536,ZCTA5 10536,10775,774
8600000US10537,10537,ZCTA5 10537,1541,387
8600000US10538,10538,ZCTA5 10538,16718,474
8600000US10541,10541,ZCTA5 10541,26371,971
8600000US10543,10543,ZCTA5 10543,20643,391
8600000US10545,10545,ZCTA5 10545,131,37
8600000US10546,10546,ZCTA5 10546,1433,379
8600000US10547,10547,ZCTA5 10547,7461,723
8600000US10548,10548,ZCTA5 10548,3398,325
8600000US10549,10549,ZCTA5 10549,16557,592
8600000US10550,10550,ZCTA5 10550,37679,1284
8600000US10552,10552,ZCTA5 10552,19620,1114
8600000US10553,10553,ZCTA5 10553,10606,840
8600000US10560,10560,ZCTA5 10560,4930,137
8600000US10562,10562,ZCTA5 10562,31745,416
8600000US10566,10566,ZCTA5 10566,23977,31
8600000US10567,10567,ZCTA5 10567,20652,673
8600000US10570,10570,ZCTA5 10570,12966,536
8600000US10573,10573,ZCTA5 10573,38958,72
8600000US10576,10576,ZCTA5 10576,4878,378
8600000US10577,10577,ZCTA5 10577,6508,477
8600000US10578,10578,ZCTA5 10578,843,236
8600000US10579,10579,ZCTA5 10579,9438,411
8600000US10580,10580,ZCTA5 10580,17270,280
8600000US10583,10583,ZCTA5 10583,40054,896
8600000US10588,10588,ZCTA5 10588,2748,630
8600000US10589,10589,ZCTA5 10589,9229,379
8600000US10590,10590,ZCTA5 10590,6937,556
8600000US10591,10591,ZCTA5 10591,23394,444
8600000US10594,10594,ZCTA5 10594,5076,345
8600000US10595,10595,ZCTA5 10595,8237,504
8600000US10596,10596,ZCTA5 10596,1727,334
8600000US10597,10597,ZCTA5 10597,1154,547
8600000US10598,10598,ZCTA5 10598,29489,811
8600000US10601,10601,ZCTA5 10601,11519,846
8600000US10603,10603,ZCTA5 10603,17429,1031
8600000US10604,10604,ZCTA5 10604,11153,684
8600000US10605,10605,ZCTA5 10605,17470,742
8600000US10606,10606,ZCTA5 10606,18312,998
8600000US10607,10607,ZCTA5 10607,6806,778
8600000US10701,10701,ZCTA5 10701,58841,1638
8600000US10703,10703,ZCTA5 10703,21039,1088
8600000US10704,10704,ZCTA5 10704,32125,1116
8600000US10705,10705,ZCTA5 10705,41008,1660
8600000US10706,10706,ZCTA5 10706,8776,251
8600000US10707,10707,ZCTA5 10707,10253,326
8600000US10708,10708,ZCTA5 10708,22632,807
8600000US10709,10709,ZCTA5 10709,9090,467
8600000US10710,10710,ZCTA5 10710,27602,999
8600000US10801,10801,ZCTA5 10801,42154,880
8600000US10803,10803,ZCTA5 10803,12560,32
8600000US10804,10804,ZCTA5 10804,14634,618
8600000US10805,10805,ZCTA5 10805,18503,860
8600000US10901,10901,ZCTA5 10901,23959,999
8600000US10910,10910,ZCTA5 10910,27,41
8600000US10911,10911,ZCTA5 10911,0,11
8600000US10913,10913,ZCTA5 10913,5626,455
8600000US10914,10914,ZCTA5 10914,455,197
8600000US10915,10915,ZCTA5 10915,14,31
8600000US10916,10916,ZCTA5 10916,4265,375
8600000US10917,10917,ZCTA5 10917,2134,355
8600000US10918,10918,ZCTA5 10918,12264,603
8600000US10919,10919,ZCTA5 10919,1331,342
8600000US10920,10920,ZCTA5 10920,8877,499
8600000US10921,10921,ZCTA5 10921,3856,240
8600000US10922,10922,ZCTA5 10922,1568,301
8600000US10923,10923,ZCTA5 10923,8796,813
8600000US10924,10924,ZCTA5 10924,13388,349
8600000US10925,10925,ZCTA5 10925,4061,296
8600000US10926,10926,ZCTA5 10926,3108,433
8600000US10927,10927,ZCTA5 10927,12120,29
8600000US10928,10928,ZCTA5 10928,4004,112
8600000US10930,10930,ZCTA5 10930,8784,508
8600000US10931,10931,ZCTA5 10931,887,117
8600000US10932,10932,ZCTA5 10932,106,112
8600000US10933,10933,ZCTA5 10933,927,262
8600000US10940,10940,ZCTA5 10940,49194,826
8600000US10941,10941,ZCTA5 10941,13242,766
8600000US10950,10950,ZCTA5 10950,49712,934
8600000US10952,10952,ZCTA5 10952,41631,1451
8600000US10953,10953,ZCTA5 10953,190,160
8600000US10954,10954,ZCTA5 10954,23226,912
8600000US10956,10956,ZCTA5 10956,31450,758
8600000US10958,10958,ZCTA5 10958,3121,419
8600000US10960,10960,ZCTA5 10960,15357,603
8600000US10962,10962,ZCTA5 10962,5581,482
8600000US10963,10963,ZCTA5 10963,4263,404
8600000US10964,10964,ZCTA5 10964,1367,240
8600000US10965,10965,ZCTA5 10965,15149,573
8600000US10968,10968,ZCTA5 10968,2249,140
8600000US10969,10969,ZCTA5 10969,1403,242
8600000US10970,10970,ZCTA5 10970,9773,614
8600000US10973,10973,ZCTA5 10973,2322,325
8600000US10974,10974,ZCTA5 10974,3208,81
8600000US10975,10975,ZCTA5 10975,291,136
8600000US10976,10976,ZCTA5 10976,2699,417
8600000US10977,10977,ZCTA5 10977,63319,1235
8600000US10979,10979,ZCTA5 10979,283,235
8600000US10980,10980,ZCTA5 10980,13997,280
8600000US10983,10983,ZCTA5 10983,5674,340
8600000US10984,10984,ZCTA5 10984,3020,406
8600000US10985,10985,ZCTA5 10985,38,26
8600000US10986,10986,ZCTA5 10986,1696,229
8600000US10987,10987,ZCTA5 10987,3280,146
8600000US10988,10988,ZCTA5 10988,711,187
8600000US10989,10989,ZCTA5 10989,10333,823
8600000US10990,10990,ZCTA5 10990,19678,603
8600000US10992,10992,ZCTA5 10992,9197,551
8600000US10993,10993,ZCTA5 10993,4996,558
8600000US10994,10994,ZCTA5 10994,7652,737
8600000US10996,10996,ZCTA5 10996,6612,306
8600000US10998,10998,ZCTA5 10998,2824,260
8600000US11001,11001,ZCTA5 11001,27650,680
8600000US11003,11003,ZCTA5 11003,45480,1489
8600000US11004,11004,ZCTA5 11004,14722,917
8600000US11005,11005,ZCTA5 11005,1926,369
8600000US11010,11010,ZCTA5 11010,24539,1117
8600000US11020,11020,ZCTA5 11020,6285,515
8600000US11021,11021,ZCTA5 11021,17856,439
8600000US11023,11023,ZCTA5 11023,9825,719
8600000US11024,11024,ZCTA5 11024,7790,469
8600000US11030,11030,ZCTA5 11030,17642,640
8600000US11040,11040,ZCTA5 11040,41381,883
8600000US11042,11042,ZCTA5 11042,549,211
8600000US11050,11050,ZCTA5 11050,30450,803
8600000US11096,11096,ZCTA5 11096,7701,688
8600000US11101,11101,ZCTA5 11101,26505,1228
8600000US11102,11102,ZCTA5 11102,33750,1324
8600000US11103,11103,ZCTA5 11103,38861,1218
8600000US11104,11104,ZCTA5 11104,26102,1180
8600000US11105,11105,ZCTA5 11105,37297,1209
8600000US11106,11106,ZCTA5 11106,39409,1580
8600000US11109,11109,ZCTA5 11109,4964,616
8600000US11201,11201,ZCTA5 11201,60061,1586
8600000US11203,11203,ZCTA5 11203,75920,1798
8600000US11204,11204,ZCTA5 11204,79332,1866
8600000US11205,11205,ZCTA5 11205,44818,1330
8600000US11206,11206,ZCTA5 11206,86486,2472
8600000US11207,11207,ZCTA5 11207,93251,1860
8600000US11208,11208,ZCTA5 11208,95715,2112
8600000US11209,11209,ZCTA5 11209,67822,1488
8600000US11210,11210,ZCTA5 11210,68435,1585
8600000US11211,11211,ZCTA5 11211,99964,1995
8600000US11212,11212,ZCTA5 11212,86469,2840
8600000US11213,11213,ZCTA5 11213,65434,2004
8600000US11214,11214,ZCTA5 11214,91728,2006
8600000US11215,11215,ZCTA5 11215,69965,1418
8600000US11216,11216,ZCTA5 11216,55816,1729
8600000US11217,11217,ZCTA5 11217,38670,1217
8600000US11218,11218,ZCTA5 11218,74831,2199
8600000US11219,11219,ZCTA5 11219,96287,2334
8600000US11220,11220,ZCTA5 11220,101006,2308
8600000US11221,11221,ZCTA5 11221,84034,2190
8600000US11222,11222,ZCTA5 11222,35695,1135
8600000US11223,11223,ZCTA5 11223,79730,2229
8600000US11224,11224,ZCTA5 11224,43444,1202
8600000US11225,11225,ZCTA5 11225,60323,1860
8600000US11226,11226,ZCTA5 11226,101787,2406
8600000US11228,11228,ZCTA5 11228,46164,1301
8600000US11229,11229,ZCTA5 11229,82914,2103
8600000US11230,11230,ZCTA5 11230,88933,1952
8600000US11231,11231,ZCTA5 11231,36302,1139
8600000US11232,11232,ZCTA5 11232,29387,1483
8600000US11233,11233,ZCTA5 11233,72159,2232
8600000US11234,11234,ZCTA5 11234,95546,1943
8600000US11235,11235,ZCTA5 11235,78237,1566
8600000US11236,11236,ZCTA5 11236,100049,1846
8600000US11237,11237,ZCTA5 11237,53678,1830
8600000US11238,11238,ZCTA5 11238,53992,1310
8600000US11239,11239,ZCTA5 11239,12468,672
8600000US11351,11351,ZCTA5 11351,0,11
8600000US11354,11354,ZCTA5 11354,58551,1958
8600000US11355,11355,ZCTA5 11355,82028,2414
8600000US11356,11356,ZCTA5 11356,24405,1313
8600000US11357,11357,ZCTA5 11357,39259,1413
8600000US11358,11358,ZCTA5 11358,37461,1119
8600000US11359,11359,ZCTA5 11359,0,11
8600000US11360,11360,ZCTA5 11360,19309,1062
8600000US11361,11361,ZCTA5 11361,29322,1079
8600000US11362,11362,ZCTA5 11362,18198,957
8600000US11363,11363,ZCTA5 11363,7577,606
8600000US11364,11364,ZCTA5 11364,35068,1115
8600000US11365,11365,ZCTA5 11365,44617,1934
8600000US11366,11366,ZCTA5 11366,14042,946
8600000US11367,11367,ZCTA5 11367,42663,1699
8600000US11368,11368,ZCTA5 11368,112982,2947
8600000US11369,11369,ZCTA5 11369,37823,1510
8600000US11370,11370,ZCTA5 11370,34445,1580
8600000US11371,11371,ZCTA5 11371,0,11
8600000US11372,11372,ZCTA5 11372,64109,2094
8600000US11373,11373,ZCTA5 11373,96616,2716
8600000US11374,11374,ZCTA5 11374,43158,1871
8600000US11375,11375,ZCTA5 11375,71159,1780
8600000US11377,11377,ZCTA5 11377,90883,2364
8600000US11378,11378,ZCTA5 11378,33270,1358
8600000US11379,11379,ZCTA5 11379,36082,1212
8600000US11385,11385,ZCTA5 11385,103372,2165
8600000US11411,11411,ZCTA5 11411,19300,727
8600000US11412,11412,ZCTA5 11412,37802,1319
8600000US11413,11413,ZCTA5 11413,42699,1488
8600000US11414,11414,ZCTA5 11414,28247,1578
8600000US11415,11415,ZCTA5 11415,19308,1048
8600000US11416,11416,ZCTA5 11416,27144,1024
8600000US11417,11417,ZCTA5 11417,31742,1291
8600000US11418,11418,ZCTA5 11418,39908,1465
8600000US11419,11419,ZCTA5 11419,51642,1727
8600000US11420,11420,ZCTA5 11420,50549,2024
8600000US11421,11421,ZCTA5 11421,43341,1440
8600000US11422,11422,ZCTA5 11422,33408,1428
8600000US11423,11423,ZCTA5 11423,31823,1585
8600000US11424,11424,ZCTA5 11424,0,11
8600000US11425,11425,ZCTA5 11425,0,11
8600000US11426,11426,ZCTA5 11426,19991,1438
8600000US11427,11427,ZCTA5 11427,22941,1227
8600000US11428,11428,ZCTA5 11428,19736,929
8600000US11429,11429,ZCTA5 11429,26739,1126
8600000US11430,11430,ZCTA5 11430,179,161
8600000US11432,11432,ZCTA5 11432,64686,2111
8600000US11433,11433,ZCTA5 11433,34703,1737
8600000US11434,11434,ZCTA5 11434,66279,1892
8600000US11435,11435,ZCTA5 11435,57627,1574
8600000US11436,11436,ZCTA5 11436,20136,943
8600000US11451,11451,ZCTA5 11451,0,11
8600000US11501,11501,ZCTA5 11501,19262,138
8600000US11507,11507,ZCTA5 11507,7330,543
8600000US11509,11509,ZCTA5 11509,2329,252
8600000US11510,11510,ZCTA5 11510,33734,1212
8600000US11514,11514,ZCTA5 11514,4543,333
8600000US11516,11516,ZCTA5 11516,7724,490
8600000US11518,11518,ZCTA5 11518,10192,479
8600000US11520,11520,ZCTA5 11520,43697,274
8600000US11530,11530,ZCTA5 11530,28463,486
8600000US11542,11542,ZCTA5 11542,27676,169
8600000US11545,11545,ZCTA5 11545,12694,641
8600000US11547,11547,ZCTA5 11547,837,229
8600000US11548,11548,ZCTA5 11548,2858,521
8600000US11549,11549,ZCTA5 11549,2920,244
8600000US11550,11550,ZCTA5 11550,57679,350
8600000US11552,11552,ZCTA5 11552,24417,888
8600000US11553,11553,ZCTA5 11553,26160,1084
8600000US11554,11554,ZCTA5 11554,37228,1438
8600000US11556,11556,ZCTA5 11556,14,19
8600000US11557,11557,ZCTA5 11557,6972,648
8600000US11558,11558,ZCTA5 11558,8323,281
8600000US11559,11559,ZCTA5 11559,8709,543
8600000US11560,11560,ZCTA5 11560,6354,403
8600000US11561,11561,ZCTA5 11561,37544,379
8600000US11563,11563,ZCTA5 11563,22551,525
8600000US11565,11565,ZCTA5 11565,8640,300
8600000US11566,11566,ZCTA5 11566,34232,852
8600000US11568,11568,ZCTA5 11568,4578,256
8600000US11569,11569,ZCTA5 11569,1229,329
8600000US11570,11570,ZCTA5 11570,27463,826
8600000US11572,11572,ZCTA5 11572,29295,902
8600000US11575,11575,ZCTA5 11575,16564,979
8600000US11576,11576,ZCTA5 11576,12663,656
8600000US11577,11577,ZCTA5 11577,12888,807
8600000US11579,11579,ZCTA5 11579,5128,74
8600000US11580,11580,ZCTA5 11580,43219,1228
8600000US11581,11581,ZCTA5 11581,21406,827
8600000US11590,11590,ZCTA5 11590,47134,1340
8600000US11596,11596,ZCTA5 11596,10683,264
8600000US11598,11598,ZCTA5 11598,13478,1022
8600000US11691,11691,ZCTA5 11691,64946,2210
8600000US11692,11692,ZCTA5 11692,19403,1249
8600000US11693,11693,ZCTA5 11693,12021,813
8600000US11694,11694,ZCTA5 11694,21219,1118
8600000US11697,11697,ZCTA5 11697,3928,450
8600000US11701,11701,ZCTA5 11701,28139,1616
8600000US11702,11702,ZCTA5 11702,13906,392
8600000US11703,11703,ZCTA5 11703,16508,573
8600000US11704,11704,ZCTA5 11704,40257,1005
8600000US11705,11705,ZCTA5 11705,7499,356
8600000US11706,11706,ZCTA5 11706,67959,2077
8600000US11709,11709,ZCTA5 11709,6745,27
8600000US11710,11710,ZCTA5 11710,33525,1067
8600000US11713,11713,ZCTA5 11713,9176,789
8600000US11714,11714,ZCTA5 11714,21438,903
8600000US11715,11715,ZCTA5 11715,4463,377
8600000US11716,11716,ZCTA5 11716,9998,591
8600000US11717,11717,ZCTA5 11717,61568,1916
8600000US11718,11718,ZCTA5 11718,3092,24
8600000US11719,11719,ZCTA5 11719,3787,524
8600000US11720,11720,ZCTA5 11720,28823,1012
8600000US11721,11721,ZCTA5 11721,5995,404
8600000US11722,11722,ZCTA5 11722,35668,1461
8600000US11724,11724,ZCTA5 11724,3243,366
8600000US11725,11725,ZCTA5 11725,29444,626
8600000US11726,11726,ZCTA5 11726,21688,1625
8600000US11727,11727,ZCTA5 11727,30282,1613
8600000US11729,11729,ZCTA5 11729,27311,899
8600000US11730,11730,ZCTA5 11730,14168,934
8600000US11731,11731,ZCTA5 11731,29743,922
8600000US11732,11732,ZCTA5 11732,3856,421
8600000US11733,11733,ZCTA5 11733,17136,710
8600000US11735,11735,ZCTA5 11735,33596,886
8600000US11738,11738,ZCTA5 11738,17067,1103
8600000US11739,11739,ZCTA5 11739,1119,189
8600000US11740,11740,ZCTA5 11740,8953,601
8600000US11741,11741,ZCTA5 11741,27243,945
8600000US11742,11742,ZCTA5 11742,13132,755
8600000US11743,11743,ZCTA5 11743,42531,1321
8600000US11746,11746,ZCTA5 11746,70005,1798
8600000US11747,11747,ZCTA5 11747,19061,812
8600000US11749,11749,ZCTA5 11749,3349,57
8600000US11751,11751,ZCTA5 11751,14313,682
8600000US11752,11752,ZCTA5 11752,9456,498
8600000US11753,11753,ZCTA5 11753,12015,590
8600000US11754,11754,ZCTA5 11754,18357,770
8600000US11755,11755,ZCTA5 11755,12430,246
8600000US11756,11756,ZCTA5 11756,42654,994
8600000US11757,11757,ZCTA5 11757,44701,830
8600000US11758,11758,ZCTA5 11758,54929,1099
8600000US11762,11762,ZCTA5 11762,22951,456
8600000US11763,11763,ZCTA5 11763,28654,1422
8600000US11764,11764,ZCTA5 11764,13030,700
8600000US11765,11765,ZCTA5 11765,750,120
8600000US11766,11766,ZCTA5 11766,12478,1094
8600000US11767,11767,ZCTA5 11767,15347,864
8600000US11768,11768,ZCTA5 11768,21375,697
8600000US11769,11769,ZCTA5 11769,8686,475
8600000US11770,11770,ZCTA5 11770,65,20
8600000US11771,11771,ZCTA5 11771,9458,907
8600000US11772,11772,ZCTA5 11772,45243,1310
8600000US11776,11776,ZCTA5 11776,26327,1510
8600000US11777,11777,ZCTA5 11777,8958,210
8600000US11778,11778,ZCTA5 11778,12354,819
8600000US11779,11779,ZCTA5 11779,38084,1114
8600000US11780,11780,ZCTA5 11780,15609,696
8600000US11782,11782,ZCTA5 11782,15346,510
8600000US11783,11783,ZCTA5 11783,21823,824
8600000US11784,11784,ZCTA5 11784,26230,1356
8600000US11786,11786,ZCTA5 11786,6017,476
8600000US11787,11787,ZCTA5 11787,36040,1045
8600000US11788,11788,ZCTA5 11788,16007,670
8600000US11789,11789,ZCTA5 11789,8202,666
8600000US11790,11790,ZCTA5 11790,18365,809
8600000US11791,11791,ZCTA5 11791,25404,582
8600000US11792,11792,ZCTA5 11792,8807,637
8600000US11793,11793,ZCTA5 11793,31642,892
8600000US11794,11794,ZCTA5 11794,2983,273
8600000US11795,11795,ZCTA5 11795,25301,734
8600000US11796,11796,ZCTA5 11796,4065,481
8600000US11797,11797,ZCTA5 11797,8665,459
8600000US11798,11798,ZCTA5 11798,14242,854
8600000US11801,11801,ZCTA5 11801,40713,1266
8600000US11803,11803,ZCTA5 11803,28231,735
8600000US11804,11804,ZCTA5 11804,4688,323
8600000US11901,11901,ZCTA5 11901,29688,1211
8600000US11930,11930,ZCTA5 11930,1244,296
8600000US11931,11931,ZCTA5 11931,34,54
8600000US11932,11932,ZCTA5 11932,914,240
8600000US11933,11933,ZCTA5 11933,7386,771
8600000US11934,11934,ZCTA5 11934,8079,769
8600000US11935,11935,ZCTA5 11935,3186,340
8600000US11937,11937,ZCTA5 11937,15757,507
8600000US11939,11939,ZCTA5 11939,911,152
8600000US11940,11940,ZCTA5 11940,5186,475
8600000US11941,11941,ZCTA5 11941,2053,447
8600000US11942,11942,ZCTA5 11942,4501,455
8600000US11944,11944,ZCTA5 11944,4208,413
8600000US11946,11946,ZCTA5 11946,13693,857
8600000US11947,11947,ZCTA5 11947,105,103
8600000US11948,11948,ZCTA5 11948,1191,557
8600000US11949,11949,ZCTA5 11949,15092,939
8600000US11950,11950,ZCTA5 11950,16324,1294
8600000US11951,11951,ZCTA5 11951,13959,494
8600000US11952,11952,ZCTA5 11952,4831,535
8600000US11953,11953,ZCTA5 11953,13305,586
8600000US11954,11954,ZCTA5 11954,3510,439
8600000US11955,11955,ZCTA5 11955,3294,563
8600000US11956,11956,ZCTA5 11956,250,76
8600000US11957,11957,ZCTA5 11957,717,135
8600000US11958,11958,ZCTA5 11958,531,187
8600000US11959,11959,ZCTA5 11959,815,213
8600000US11960,11960,ZCTA5 11960,490,137
8600000US11961,11961,ZCTA5 11961,12850,787
8600000US11962,11962,ZCTA5 11962,491,318
8600000US11963,11963,ZCTA5 11963,6710,754
8600000US11964,11964,ZCTA5 11964,2263,388
8600000US11965,11965,ZCTA5 11965,581,364
8600000US11967,11967,ZCTA5 11967,26107,1403
8600000US11968,11968,ZCTA5 11968,10702,642
8600000US11970,11970,ZCTA5 11970,111,102
8600000US11971,11971,ZCTA5 11971,6327,483
8600000US11972,11972,ZCTA5 11972,1355,343
8600000US11973,11973,ZCTA5 11973,41,10
8600000US11975,11975,ZCTA5 11975,308,112
8600000US11976,11976,ZCTA5 11976,2344,482
8600000US11977,11977,ZCTA5 11977,2148,321
8600000US11978,11978,ZCTA5 11978,3122,319
8600000US11980,11980,ZCTA5 11980,5620,519
8600000US12007,12007,ZCTA5 12007,0,11
8600000US12008,12008,ZCTA5 12008,570,183
8600000US12009,12009,ZCTA5 12009,8073,480
8600000US12010,12010,ZCTA5 12010,28787,644
8600000US12015,12015,ZCTA5 12015,3013,431
8600000US12017,12017,ZCTA5 12017,340,109
8600000US12018,12018,ZCTA5 12018,7466,648
8600000US12019,12019,ZCTA5 12019,14336,693
8600000US12020,12020,ZCTA5 12020,33044,609
8600000US12022,12022,ZCTA5 12022,819,128
8600000US12023,12023,ZCTA5 12023,2133,276
8600000US12024,12024,ZCTA5 12024,23,39
8600000US12025,12025,ZCTA5 12025,5456,362
8600000US12027,12027,ZCTA5 12027,3901,331
8600000US12028,12028,ZCTA5 12028,924,234
8600000US12029,12029,ZCTA5 12029,1114,279
8600000US12031,12031,ZCTA5 12031,184,63
8600000US12032,12032,ZCTA5 12032,818,144
8600000US12033,12033,ZCTA5 12033,7885,665
8600000US12035,12035,ZCTA5 12035,793,215
8600000US12036,12036,ZCTA5 12036,284,91
8600000US12037,12037,ZCTA5 12037,4288,561
8600000US12040,12040,ZCTA5 12040,146,94
8600000US12041,12041,ZCTA5 12041,453,159
8600000US12042,12042,ZCTA5 12042,159,75
8600000US12043,12043,ZCTA5 12043,8435,278
8600000US12045,12045,ZCTA5 12045,343,142
8600000US12046,12046,ZCTA5 12046,966,228
8600000US12047,12047,ZCTA5 12047,20363,565
8600000US12051,12051,ZCTA5 12051,6432,328
8600000US12052,12052,ZCTA5 12052,1560,226
8600000US12053,12053,ZCTA5 12053,4828,615
8600000US12054,12054,ZCTA5 12054,17177,788
8600000US12056,12056,ZCTA5 12056,2400,464
8600000US12057,12057,ZCTA5 12057,2115,353
8600000US12058,12058,ZCTA5 12058,1668,388
8600000US12059,12059,ZCTA5 12059,1611,169
8600000US12060,12060,ZCTA5 12060,1396,214
8600000US12061,12061,ZCTA5 12061,9969,728
8600000US12062,12062,ZCTA5 12062,1736,283
8600000US12063,12063,ZCTA5 12063,495,224
8600000US12064,12064,ZCTA5 12064,410,125
8600000US12065,12065,ZCTA5 12065,43206,619
8600000US12066,12066,ZCTA5 12066,1876,280
8600000US12067,12067,ZCTA5 12067,1531,277
8600000US12068,12068,ZCTA5 12068,2993,371
8600000US12069,12069,ZCTA5 12069,179,137
8600000US12070,12070,ZCTA5 12070,1578,331
8600000US12071,12071,ZCTA5 12071,364,158
8600000US12072,12072,ZCTA5 12072,2843,230
8600000US12074,12074,ZCTA5 12074,2694,337
8600000US12075,12075,ZCTA5 12075,2886,500
8600000US12076,12076,ZCTA5 12076,1506,177
8600000US12077,12077,ZCTA5 12077,6579,655
8600000US12078,12078,ZCTA5 12078,23554,467
8600000US12083,12083,ZCTA5 12083,3673,404
8600000US12084,12084,ZCTA5 12084,4740,500
8600000US12085,12085,ZCTA5 12085,520,195
8600000US12086,12086,ZCTA5 12086,1587,292
8600000US12087,12087,ZCTA5 12087,1084,264
8600000US12089,12089,ZCTA5 12089,128,102
8600000US12090,12090,ZCTA5 12090,6262,282
8600000US12092,12092,ZCTA5 12092,721,234
8600000US12093,12093,ZCTA5 12093,1743,226
8600000US12094,12094,ZCTA5 12094,2481,505
8600000US12095,12095,ZCTA5 12095,12370,606
8600000US12106,12106,ZCTA5 12106,2432,332
8600000US12108,12108,ZCTA5 12108,307,67
8600000US12110,12110,ZCTA5 12110,22471,919
8600000US12115,12115,ZCTA5 12115,225,108
8600000US12116,12116,ZCTA5 12116,1901,285
8600000US12117,12117,ZCTA5 12117,3492,318
8600000US12118,12118,ZCTA5 12118,14195,719
8600000US12120,12120,ZCTA5 12120,535,109
8600000US12121,12121,ZCTA5 12121,1854,331
8600000US12122,12122,ZCTA5 12122,4562,290
8600000US12123,12123,ZCTA5 12123,5159,514
8600000US12124,12124,ZCTA5 12124,615,174
8600000US12125,12125,ZCTA5 12125,1491,244
8600000US12130,12130,ZCTA5 12130,970,351
8600000US12131,12131,ZCTA5 12131,135,52
8600000US12132,12132,ZCTA5 12132,319,164
8600000US12134,12134,ZCTA5 12134,3714,215
8600000US12136,12136,ZCTA5 12136,716,222
8600000US12137,12137,ZCTA5 12137,1904,381
8600000US12138,12138,ZCTA5 12138,3327,373
8600000US12139,12139,ZCTA5 12139,278,106
8600000US12140,12140,ZCTA5 12140,1464,281
8600000US12143,12143,ZCTA5 12143,4790,241
8600000US12144,12144,ZCTA5 12144,19622,545
8600000US12147,12147,ZCTA5 12147,591,166
8600000US12148,12148,ZCTA5 12148,4449,427
8600000US12149,12149,ZCTA5 12149,2425,236
8600000US12150,12150,ZCTA5 12150,890,329
8600000US12151,12151,ZCTA5 12151,660,126
8600000US12153,12153,ZCTA5 12153,1038,272
8600000US12154,12154,ZCTA5 12154,2639,354
8600000US12155,12155,ZCTA5 12155,1980,322
8600000US12156,12156,ZCTA5 12156,1132,455
8600000US12157,12157,ZCTA5 12157,3951,371
8600000US12158,12158,ZCTA5 12158,7090,601
8600000US12159,12159,ZCTA5 12159,7968,619
8600000US12160,12160,ZCTA5 12160,946,192
8600000US12161,12161,ZCTA5 12161,77,102
8600000US12164,12164,ZCTA5 12164,417,117
8600000US12165,12165,ZCTA5 12165,156,68
8600000US12166,12166,ZCTA5 12166,1250,164
8600000US12167,12167,ZCTA5 12167,2946,297
8600000US12168,12168,ZCTA5 12168,2054,215
8600000US12169,12169,ZCTA5 12169,219,100
8600000US12170,12170,ZCTA5 12170,4915,612
8600000US12172,12172,ZCTA5 12172,294,150
8600000US12173,12173,ZCTA5 12173,1816,220
8600000US12174,12174,ZCTA5 12174,322,144
8600000US12175,12175,ZCTA5 12175,573,159
8600000US12176,12176,ZCTA5 12176,294,154
8600000US12177,12177,ZCTA5 12177,420,198
8600000US12180,12180,ZCTA5 12180,53168,790
8600000US12182,12182,ZCTA5 12182,14955,735
8600000US12183,12183,ZCTA5 12183,2613,16
8600000US12184,12184,ZCTA5 12184,6800,535
8600000US12185,12185,ZCTA5 12185,2404,405
8600000US12186,12186,ZCTA5 12186,6407,312
8600000US12187,12187,ZCTA5 12187,391,114
8600000US12188,12188,ZCTA5 12188,10944,355
8600000US12189,12189,ZCTA5 12189,17749,653
8600000US12190,12190,ZCTA5 12190,1028,206
8600000US12192,12192,ZCTA5 12192,2018,379
8600000US12193,12193,ZCTA5 12193,1945,230
8600000US12194,12194,ZCTA5 12194,138,36
8600000US12195,12195,ZCTA5 12195,170,70
8600000US12196,12196,ZCTA5 12196,3522,451
8600000US12197,12197,ZCTA5 12197,2265,269
8600000US12198,12198,ZCTA5 12198,8307,560
8600000US12202,12202,ZCTA5 12202,9076,673
8600000US12203,12203,ZCTA5 12203,30625,1061
8600000US12204,12204,ZCTA5 12204,7196,377
8600000US12205,12205,ZCTA5 12205,27196,996
8600000US12206,12206,ZCTA5 12206,15591,1056
8600000US12207,12207,ZCTA5 12207,1417,298
8600000US12208,12208,ZCTA5 12208,21898,973
8600000US12209,12209,ZCTA5 12209,11742,1010
8600000US12210,12210,ZCTA5 12210,9005,715
8600000US12211,12211,ZCTA5 12211,11401,577
8600000US12222,12222,ZCTA5 12222,6217,587
8600000US12302,12302,ZCTA5 12302,27560,361
8600000US12303,12303,ZCTA5 12303,29130,1258
8600000US12304,12304,ZCTA5 12304,23964,1281
8600000US12305,12305,ZCTA5 12305,4883,436
8600000US12306,12306,ZCTA5 12306,25098,810
8600000US12307,12307,ZCTA5 12307,6615,961
8600000US12308,12308,ZCTA5 12308,14575,1017
8600000US12309,12309,ZCTA5 12309,29912,737
8600000US12401,12401,ZCTA5 12401,34661,673
8600000US12404,12404,ZCTA5 12404,3576,525
8600000US12405,12405,ZCTA5 12405,559,193
8600000US12406,12406,ZCTA5 12406,945,235
8600000US12407,12407,ZCTA5 12407,164,79
8600000US12409,12409,ZCTA5 12409,700,195
8600000US12410,12410,ZCTA5 12410,504,168
8600000US12411,12411,ZCTA5 12411,355,164
8600000US12412,12412,ZCTA5 12412,520,244
8600000US12413,12413,ZCTA5 12413,2910,465
8600000US12414,12414,ZCTA5 12414,10193,632
8600000US12416,12416,ZCTA5 12416,168,109
8600000US12417,12417,ZCTA5 12417,614,259
8600000US12418,12418,ZCTA5 12418,439,164
8600000US12419,12419,ZCTA5 12419,641,199
8600000US12420,12420,ZCTA5 12420,424,172
8600000US12421,12421,ZCTA5 12421,324,108
8600000US12422,12422,ZCTA5 12422,353,127
8600000US12423,12423,ZCTA5 12423,1109,189
8600000US12424,12424,ZCTA5 12424,225,88
8600000US12427,12427,ZCTA5 12427,593,232
8600000US12428,12428,ZCTA5 12428,6860,373
8600000US12429,12429,ZCTA5 12429,334,284
8600000US12430,12430,ZCTA5 12430,1036,239
8600000US12431,12431,ZCTA5 12431,1272,325
8600000US12432,12432,ZCTA5 12432,615,222
8600000US12433,12433,ZCTA5 12433,543,165
8600000US12434,12434,ZCTA5 12434,550,179
8600000US12435,12435,ZCTA5 12435,366,167
8600000US12436,12436,ZCTA5 12436,233,133
8600000US12438,12438,ZCTA5 12438,52,45
8600000US12439,12439,ZCTA5 12439,333,115
8600000US12440,12440,ZCTA5 12440,2127,421
8600000US12441,12441,ZCTA5 12441,30,22
8600000US12442,12442,ZCTA5 12442,667,195
8600000US12443,12443,ZCTA5 12443,3674,290
8600000US12444,12444,ZCTA5 12444,380,106
8600000US12446,12446,ZCTA5 12446,4837,476
8600000US12448,12448,ZCTA5 12448,465,186
8600000US12449,12449,ZCTA5 12449,3315,339
8600000US12450,12450,ZCTA5 12450,170,160
8600000US12451,12451,ZCTA5 12451,1861,514
8600000US12452,12452,ZCTA5 12452,248,112
8600000US12453,12453,ZCTA5 12453,302,227
8600000US12454,12454,ZCTA5 12454,301,88
8600000US12455,12455,ZCTA5 12455,1877,261
8600000US12456,12456,ZCTA5 12456,716,203
8600000US12457,12457,ZCTA5 12457,802,228
8600000US12458,12458,ZCTA5 12458,2991,387
8600000US12459,12459,ZCTA5 12459,157,124
8600000US12460,12460,ZCTA5 12460,344,154
8600000US12461,12461,ZCTA5 12461,1811,338
8600000US12463,12463,ZCTA5 12463,1398,337
8600000US12464,12464,ZCTA5 12464,808,247
8600000US12465,12465,ZCTA5 12465,296,108
8600000US12466,12466,ZCTA5 12466,2260,277
8600000US12468,12468,ZCTA5 12468,1133,171
8600000US12469,12469,ZCTA5 12469,776,155
8600000US12470,12470,ZCTA5 12470,474,277
8600000US12471,12471,ZCTA5 12471,495,316
8600000US12472,12472,ZCTA5 12472,1419,278
8600000US12473,12473,ZCTA5 12473,1126,320
8600000US12474,12474,ZCTA5 12474,1250,234
8600000US12475,12475,ZCTA5 12475,165,102
8600000US12477,12477,ZCTA5 12477,18722,455
8600000US12480,12480,ZCTA5 12480,798,222
8600000US12481,12481,ZCTA5 12481,1361,327
8600000US12482,12482,ZCTA5 12482,547,253
8600000US12483,12483,ZCTA5 12483,243,114
8600000US12484,12484,ZCTA5 12484,2703,384
8600000US12485,12485,ZCTA5 12485,1164,282
8600000US12486,12486,ZCTA5 12486,1584,299
8600000US12487,12487,ZCTA5 12487,3299,437
8600000US12489,12489,ZCTA5 12489,1101,224
8600000US12490,12490,ZCTA5 12490,31,51
8600000US12491,12491,ZCTA5 12491,1561,279
8600000US12492,12492,ZCTA5 12492,299,116
8600000US12493,12493,ZCTA5 12493,310,214
8600000US12494,12494,ZCTA5 12494,660,263
8600000US12495,12495,ZCTA5 12495,334,139
8600000US12496,12496,ZCTA5 12496,1621,228
8600000US12498,12498,ZCTA5 12498,4836,365
8600000US12501,12501,ZCTA5 12501,2700,337
8600000US12502,12502,ZCTA5 12502,1169,161
8600000US12503,12503,ZCTA5 12503,645,119
8600000US12504,12504,ZCTA5 12504,1443,119
8600000US12507,12507,ZCTA5 12507,253,71
8600000US12508,12508,ZCTA5 12508,19604,531
8600000US12512,12512,ZCTA5 12512,35,49
8600000US12513,12513,ZCTA5 12513,511,198
8600000US12514,12514,ZCTA5 12514,3184,377
8600000US12515,12515,ZCTA5 12515,1307,351
8600000US12516,12516,ZCTA5 12516,1913,349
8600000US12517,12517,ZCTA5 12517,656,281
8600000US12518,12518,ZCTA5 12518,6310,422
8600000US12520,12520,ZCTA5 12520,2984,59
8600000US12521,12521,ZCTA5 12521,1180,288
8600000US12522,12522,ZCTA5 12522,4828,579
8600000US12523,12523,ZCTA5 12523,1519,250
8600000US12524,12524,ZCTA5 12524,16193,693
8600000US12525,12525,ZCTA5 12525,2872,433
8600000US12526,12526,ZCTA5 12526,3690,242
8600000US12527,12527,ZCTA5 12527,270,341
8600000US12528,12528,ZCTA5 12528,13139,513
8600000US12529,12529,ZCTA5 12529,2778,433
8600000US12530,12530,ZCTA5 12530,107,110
8600000US12531,12531,ZCTA5 12531,3862,570
8600000US12533,12533,ZCTA5 12533,25774,842
8600000US12534,12534,ZCTA5 12534,18078,618
8600000US12538,12538,ZCTA5 12538,13985,749
8600000US12540,12540,ZCTA5 12540,7677,623
8600000US12542,12542,ZCTA5 12542,5746,448
8600000US12543,12543,ZCTA5 12543,3199,72
8600000US12545,12545,ZCTA5 12545,4740,337
8600000US12546,12546,ZCTA5 12546,2934,244
8600000US12547,12547,ZCTA5 12547,2873,425
8600000US12548,12548,ZCTA5 12548,1419,429
8600000US12549,12549,ZCTA5 12549,11156,692
8600000US12550,12550,ZCTA5 12550,54612,547
8600000US12553,12553,ZCTA5 12553,26029,615
8600000US12561,12561,ZCTA5 12561,18618,618
8600000US12563,12563,ZCTA5 12563,8155,515
8600000US12564,12564,ZCTA5 12564,6867,391
8600000US12565,12565,ZCTA5 12565,1379,332
8600000US12566,12566,ZCTA5 12566,10434,1233
8600000US12567,12567,ZCTA5 12567,3162,321
8600000US12569,12569,ZCTA5 12569,10100,484
8600000US12570,12570,ZCTA5 12570,7825,334
8600000US12571,12571,ZCTA5 12571,9931,403
8600000US12572,12572,ZCTA5 12572,8925,291
8600000US12574,12574,ZCTA5 12574,181,123
8600000US12575,12575,ZCTA5 12575,1884,461
8600000US12577,12577,ZCTA5 12577,1696,425
8600000US12578,12578,ZCTA5 12578,2123,307
8600000US12580,12580,ZCTA5 12580,4287,535
8600000US12581,12581,ZCTA5 12581,2145,297
8600000US12582,12582,ZCTA5 12582,6272,607
8600000US12583,12583,ZCTA5 12583,2467,375
8600000US12585,12585,ZCTA5 12585,901,185
8600000US12586,12586,ZCTA5 12586,12729,639
8600000US12589,12589,ZCTA5 12589,17463,1214
8600000US12590,12590,ZCTA5 12590,34400,938
8600000US12592,12592,ZCTA5 12592,1150,283
8600000US12594,12594,ZCTA5 12594,4380,488
8600000US12601,12601,ZCTA5 12601,42555,1023
8600000US12603,12603,ZCTA5 12603,42943,1030
8600000US12604,12604,ZCTA5 12604,644,180
8600000US12701,12701,ZCTA5 12701,11061,354
8600000US12719,12719,ZCTA5 12719,1305,241
8600000US12720,12720,ZCTA5 12720,254,192
8600000US12721,12721,ZCTA5 12721,6516,624
8600000US12722,12722,ZCTA5 12722,101,112
8600000US12723,12723,ZCTA5 12723,1921,226
8600000US12724,12724,ZCTA5 12724,328,189
8600000US12725,12725,ZCTA5 12725,183,59
8600000US12726,12726,ZCTA5 12726,1256,230
8600000US12729,12729,ZCTA5 12729,2253,428
8600000US12732,12732,ZCTA5 12732,784,216
8600000US12733,12733,ZCTA5 12733,1879,483
8600000US12734,12734,ZCTA5 12734,1032,265
8600000US12736,12736,ZCTA5 12736,96,50
8600000US12737,12737,ZCTA5 12737,2074,242
8600000US12738,12738,ZCTA5 12738,406,223
8600000US12740,12740,ZCTA5 12740,1673,280
8600000US12741,12741,ZCTA5 12741,220,83
8600000US12742,12742,ZCTA5 12742,73,55
8600000US12743,12743,ZCTA5 12743,266,88
8600000US12745,12745,ZCTA5 12745,181,86
8600000US12746,12746,ZCTA5 12746,1271,280
8600000US12747,12747,ZCTA5 12747,1552,349
8600000US12748,12748,ZCTA5 12748,1524,326
8600000US12749,12749,ZCTA5 12749,314,154
8600000US12750,12750,ZCTA5 12750,276,111
8600000US12751,12751,ZCTA5 12751,1121,276
8600000US12752,12752,ZCTA5 12752,235,75
8600000US12754,12754,ZCTA5 12754,6560,378
8600000US12758,12758,ZCTA5 12758,4320,542
8600000US12759,12759,ZCTA5 12759,1482,352
8600000US12760,12760,ZCTA5 12760,403,123
8600000US12762,12762,ZCTA5 12762,413,192
8600000US12763,12763,ZCTA5 12763,586,182
8600000US12764,12764,ZCTA5 12764,1555,160
8600000US12765,12765,ZCTA5 12765,1230,293
8600000US12766,12766,ZCTA5 12766,364,182
8600000US12767,12767,ZCTA5 12767,86,54
8600000US12768,12768,ZCTA5 12768,697,253
8600000US12769,12769,ZCTA5 12769,188,119
8600000US12770,12770,ZCTA5 12770,166,70
8600000US12771,12771,ZCTA5 12771,14061,459
8600000US12775,12775,ZCTA5 12775,2354,304
8600000US12776,12776,ZCTA5 12776,2327,342
8600000US12777,12777,ZCTA5 12777,857,161
8600000US12778,12778,ZCTA5 12778,634,332
8600000US12779,12779,ZCTA5 12779,2274,606
8600000US12780,12780,ZCTA5 12780,2064,351
8600000US12781,12781,ZCTA5 12781,281,167
8600000US12783,12783,ZCTA5 12783,2044,396
8600000US12784,12784,ZCTA5 12784,38,43
8600000US12785,12785,ZCTA5 12785,939,320
8600000US12786,12786,ZCTA5 12786,450,212
8600000US12787,12787,ZCTA5 12787,244,128
8600000US12788,12788,ZCTA5 12788,3038,472
8600000US12789,12789,ZCTA5 12789,2059,380
8600000US12790,12790,ZCTA5 12790,4397,540
8600000US12791,12791,ZCTA5 12791,869,261
8600000US12792,12792,ZCTA5 12792,227,145
8600000US12801,12801,ZCTA5 12801,14422,21
8600000US12803,12803,ZCTA5 12803,8386,339
8600000US12804,12804,ZCTA5 12804,26477,264
8600000US12808,12808,ZCTA5 12808,399,101
8600000US12809,12809,ZCTA5 12809,3385,142
8600000US12810,12810,ZCTA5 12810,728,116
8600000US12811,12811,ZCTA5 12811,68,79
8600000US12812,12812,ZCTA5 12812,81,48
8600000US12814,12814,ZCTA5 12814,1222,255
8600000US12815,12815,ZCTA5 12815,1084,176
8600000US12816,12816,ZCTA5 12816,4306,318
8600000US12817,12817,ZCTA5 12817,2281,393
8600000US12819,12819,ZCTA5 12819,330,75
8600000US12821,12821,ZCTA5 12821,2940,264
8600000US12822,12822,ZCTA5 12822,6382,216
8600000US12823,12823,ZCTA5 12823,386,276
8600000US12824,12824,ZCTA5 12824,1165,185
8600000US12827,12827,ZCTA5 12827,3754,392
8600000US12828,12828,ZCTA5 12828,8762,567
8600000US12831,12831,ZCTA5 12831,17438,755
8600000US12832,12832,ZCTA5 12832,6798,363
8600000US12833,12833,ZCTA5 12833,4182,369
8600000US12834,12834,ZCTA5 12834,6287,383
8600000US12835,12835,ZCTA5 12835,2257,185
8600000US12836,12836,ZCTA5 12836,605,107
8600000US12837,12837,ZCTA5 12837,1018,348
8600000US12838,12838,ZCTA5 12838,523,110
8600000US12839,12839,ZCTA5 12839,13525,449
8600000US12841,12841,ZCTA5 12841,106,35
8600000US12842,12842,ZCTA5 12842,933,248
8600000US12843,12843,ZCTA5 12843,451,129
8600000US12844,12844,ZCTA5 12844,238,104
8600000US12845,12845,ZCTA5 12845,4725,237
8600000US12846,12846,ZCTA5 12846,3273,51
8600000US12847,12847,ZCTA5 12847,425,92
8600000US12849,12849,ZCTA5 12849,265,181
8600000US12850,12850,ZCTA5 12850,3221,382
8600000US12851,12851,ZCTA5 12851,227,49
8600000US12852,12852,ZCTA5 12852,474,70
8600000US12853,12853,ZCTA5 12853,1347,312
8600000US12855,12855,ZCTA5 12855,198,37
8600000US12856,12856,ZCTA5 12856,131,89
8600000US12857,12857,ZCTA5 12857,608,198
8600000US12858,12858,ZCTA5 12858,66,39
8600000US12859,12859,ZCTA5 12859,2212,395
8600000US12860,12860,ZCTA5 12860,578,209
8600000US12861,12861,ZCTA5 12861,771,97
8600000US12862,12862,ZCTA5 12862,5,7
8600000US12863,12863,ZCTA5 12863,554,148
8600000US12864,12864,ZCTA5 12864,18,19
8600000US12865,12865,ZCTA5 12865,3769,286
8600000US12866,12866,ZCTA5 12866,38422,725
8600000US12870,12870,ZCTA5 12870,1044,342
8600000US12871,12871,ZCTA5 12871,4249,324
8600000US12872,12872,ZCTA5 12872,44,45
8600000US12873,12873,ZCTA5 12873,716,135
8600000US12874,12874,ZCTA5 12874,159,43
8600000US12878,12878,ZCTA5 12878,716,126
8600000US12883,12883,ZCTA5 12883,4971,19
8600000US12884,12884,ZCTA5 12884,373,101
8600000US12885,12885,ZCTA5 12885,4531,256
8600000US12886,12886,ZCTA5 12886,216,100
8600000US12887,12887,ZCTA5 12887,4788,145
8600000US12901,12901,ZCTA5 12901,33544,720
8600000US12903,12903,ZCTA5 12903,1019,160
8600000US12910,12910,ZCTA5 12910,2181,216
8600000US12911,12911,ZCTA5 12911,27,38
8600000US12912,12912,ZCTA5 12912,2280,406
8600000US12913,12913,ZCTA5 12913,1219,195
8600000US12914,12914,ZCTA5 12914,1109,301
8600000US12916,12916,ZCTA5 12916,2206,324
8600000US12917,12917,ZCTA5 12917,1190,150
8600000US12918,12918,ZCTA5 12918,2252,382
8600000US12919,12919,ZCTA5 12919,3046,266
8600000US12920,12920,ZCTA5 12920,2631,260
8600000US12921,12921,ZCTA5 12921,2555,342
8600000US12922,12922,ZCTA5 12922,42,24
8600000US12923,12923,ZCTA5 12923,595,115
8600000US12924,12924,ZCTA5 12924,106,53
8600000US12926,12926,ZCTA5 12926,2024,208
8600000US12927,12927,ZCTA5 12927,214,58
8600000US12928,12928,ZCTA5 12928,1859,200
8600000US12929,12929,ZCTA5 12929,3999,236
8600000US12930,12930,ZCTA5 12930,774,128
8600000US12932,12932,ZCTA5 12932,1327,222
8600000US12933,12933,ZCTA5 12933,21,17
8600000US12934,12934,ZCTA5 12934,1030,163
8600000US12935,12935,ZCTA5 12935,1373,224
8600000US12936,12936,ZCTA5 12936,568,151
8600000US12937,12937,ZCTA5 12937,1688,202
8600000US12939,12939,ZCTA5 12939,248,68
8600000US12941,12941,ZCTA5 12941,1538,213
8600000US12942,12942,ZCTA5 12942,872,159
8600000US12943,12943,ZCTA5 12943,230,89
8600000US12944,12944,ZCTA5 12944,4417,329
8600000US12945,12945,ZCTA5 12945,532,154
8600000US12946,12946,ZCTA5 12946,5159,418
8600000US12950,12950,ZCTA5 12950,801,125
8600000US12952,12952,ZCTA5 12952,578,277
8600000US12953,12953,ZCTA5 12953,15517,176
8600000US12955,12955,ZCTA5 12955,426,107
8600000US12956,12956,ZCTA5 12956,1228,339
8600000US12957,12957,ZCTA5 12957,1755,311
8600000US12958,12958,ZCTA5 12958,2071,365
8600000US12959,12959,ZCTA5 12959,1324,363
8600000US12960,12960,ZCTA5 12960,1335,334
8600000US12961,12961,ZCTA5 12961,361,183
8600000US12962,12962,ZCTA5 12962,5553,483
8600000US12964,12964,ZCTA5 12964,190,109
8600000US12965,12965,ZCTA5 12965,560,162
8600000US12966,12966,ZCTA5 12966,3164,356
8600000US12967,12967,ZCTA5 12967,1178,213
8600000US12969,12969,ZCTA5 12969,429,123
8600000US12970,12970,ZCTA5 12970,952,141
8600000US12972,12972,ZCTA5 12972,5702,611
8600000US12973,12973,ZCTA5 12973,191,78
8600000US12974,12974,ZCTA5 12974,1444,229
8600000US12975,12975,ZCTA5 12975,290,125
8600000US12976,12976,ZCTA5 12976,184,63
8600000US12977,12977,ZCTA5 12977,1750,364
8600000US12978,12978,ZCTA5 12978,375,250
8600000US12979,12979,ZCTA5 12979,2187,250
8600000US12980,12980,ZCTA5 12980,1309,217
8600000US12981,12981,ZCTA5 12981,2366,350
8600000US12983,12983,ZCTA5 12983,7520,386
8600000US12985,12985,ZCTA5 12985,1278,389
8600000US12986,12986,ZCTA5 12986,6157,119
8600000US12987,12987,ZCTA5 12987,243,98
8600000US12989,12989,ZCTA5 12989,953,119
8600000US12992,12992,ZCTA5 12992,4831,517
8600000US12993,12993,ZCTA5 12993,1508,228
8600000US12996,12996,ZCTA5 12996,2030,216
8600000US12997,12997,ZCTA5 12997,1336,183
8600000US12998,12998,ZCTA5 12998,371,174
8600000US13020,13020,ZCTA5 13020,60,44
8600000US13021,13021,ZCTA5 13021,38756,336
8600000US13024,13024,ZCTA5 13024,1707,218
8600000US13026,13026,ZCTA5 13026,1800,210
8600000US13027,13027,ZCTA5 13027,32208,741
8600000US13028,13028,ZCTA5 13028,1610,354
8600000US13029,13029,ZCTA5 13029,7379,478
8600000US13030,13030,ZCTA5 13030,3830,560
8600000US13031,13031,ZCTA5 13031,15710,507
8600000US13032,13032,ZCTA5 13032,12329,415
8600000US13033,13033,ZCTA5 13033,3747,234
8600000US13034,13034,ZCTA5 13034,1925,209
8600000US13035,13035,ZCTA5 13035,8621,397
8600000US13036,13036,ZCTA5 13036,8869,472
8600000US13037,13037,ZCTA5 13037,8948,432
8600000US13039,13039,ZCTA5 13039,17707,513
8600000US13040,13040,ZCTA5 13040,2624,206
8600000US13041,13041,ZCTA5 13041,11610,519
8600000US13042,13042,ZCTA5 13042,2643,534
8600000US13044,13044,ZCTA5 13044,2172,289
8600000US13045,13045,ZCTA5 13045,29609,409
8600000US13051,13051,ZCTA5 13051,149,195
8600000US13052,13052,ZCTA5 13052,1514,181
8600000US13053,13053,ZCTA5 13053,4538,345
8600000US13054,13054,ZCTA5 13054,1866,368
8600000US13057,13057,ZCTA5 13057,14422,603
8600000US13060,13060,ZCTA5 13060,2939,380
8600000US13061,13061,ZCTA5 13061,1101,188
8600000US13062,13062,ZCTA5 13062,234,226
8600000US13063,13063,ZCTA5 13063,2038,236
8600000US13064,13064,ZCTA5 13064,39,26
8600000US13066,13066,ZCTA5 13066,12280,547
8600000US13068,13068,ZCTA5 13068,5833,500
8600000US13069,13069,ZCTA5 13069,24927,635
8600000US13071,13071,ZCTA5 13071,865,117
8600000US13072,13072,ZCTA5 13072,619,105
8600000US13073,13073,ZCTA5 13073,6337,345
8600000US13074,13074,ZCTA5 13074,4329,347
8600000US13076,13076,ZCTA5 13076,2343,279
8600000US13077,13077,ZCTA5 13077,6961,351
8600000US13078,13078,ZCTA5 13078,10149,623
8600000US13080,13080,ZCTA5 13080,3618,398
8600000US13081,13081,ZCTA5 13081,992,125
8600000US13082,13082,ZCTA5 13082,4826,550
8600000US13083,13083,ZCTA5 13083,1704,227
8600000US13084,13084,ZCTA5 13084,3945,597
8600000US13087,13087,ZCTA5 13087,152,108
8600000US13088,13088,ZCTA5 13088,22317,687
8600000US13090,13090,ZCTA5 13090,30250,637
8600000US13092,13092,ZCTA5 13092,2705,262
8600000US13101,13101,ZCTA5 13101,2263,283
8600000US13102,13102,ZCTA5 13102,28,30
8600000US13103,13103,ZCTA5 13103,367,161
8600000US13104,13104,ZCTA5 13104,15773,648
8600000US13108,13108,ZCTA5 13108,6125,283
8600000US13110,13110,ZCTA5 13110,2290,269
8600000US13111,13111,ZCTA5 13111,1543,277
8600000US13112,13112,ZCTA5 13112,2003,427
8600000US13113,13113,ZCTA5 13113,297,100
8600000US13114,13114,ZCTA5 13114,6815,491
8600000US13115,13115,ZCTA5 13115,119,55
8600000US13116,13116,ZCTA5 13116,3521,28
8600000US13117,13117,ZCTA5 13117,274,125
8600000US13118,13118,ZCTA5 13118,6156,253
8600000US13120,13120,ZCTA5 13120,2167,299
8600000US13122,13122,ZCTA5 13122,1446,336
8600000US13123,13123,ZCTA5 13123,527,443
8600000US13124,13124,ZCTA5 13124,64,26
8600000US13126,13126,ZCTA5 13126,36566,461
8600000US13131,13131,ZCTA5 13131,3830,374
8600000US13132,13132,ZCTA5 13132,3370,455
8600000US13134,13134,ZCTA5 13134,199,99
8600000US13135,13135,ZCTA5 13135,6655,551
8600000US13136,13136,ZCTA5 13136,414,80
8600000US13138,13138,ZCTA5 13138,0,11
8600000US13140,13140,ZCTA5 13140,4536,255
8600000US13141,13141,ZCTA5 13141,604,177
8600000US13142,13142,ZCTA5 13142,5996,459
8600000US13143,13143,ZCTA5 13143,2869,311
8600000US13144,13144,ZCTA5 13144,1904,304
8600000US13145,13145,ZCTA5 13145,2047,214
8600000US13146,13146,ZCTA5 13146,2077,214
8600000US13147,13147,ZCTA5 13147,1328,183
8600000US13148,13148,ZCTA5 13148,10532,321
8600000US13152,13152,ZCTA5 13152,8290,290
8600000US13153,13153,ZCTA5 13153,329,109
8600000US13155,13155,ZCTA5 13155,638,113
8600000US13156,13156,ZCTA5 13156,2232,268
8600000US13157,13157,ZCTA5 13157,602,169
8600000US13158,13158,ZCTA5 13158,1522,140
8600000US13159,13159,ZCTA5 13159,5255,268
8600000US13160,13160,ZCTA5 13160,1958,225
8600000US13162,13162,ZCTA5 13162,441,245
8600000US13163,13163,ZCTA5 13163,417,143
8600000US13164,13164,ZCTA5 13164,2404,344
8600000US13165,13165,ZCTA5 13165,10881,396
8600000US13166,13166,ZCTA5 13166,5534,283
8600000US13167,13167,ZCTA5 13167,3024,301
8600000US13202,13202,ZCTA5 13202,5840,458
8600000US13203,13203,ZCTA5 13203,16564,727
8600000US13204,13204,ZCTA5 13204,19503,700
8600000US13205,13205,ZCTA5 13205,18377,738
8600000US13206,13206,ZCTA5 13206,16142,813
8600000US13207,13207,ZCTA5 13207,13153,631
8600000US13208,13208,ZCTA5 13208,22553,1026
8600000US13209,13209,ZCTA5 13209,13095,505
8600000US13210,13210,ZCTA5 13210,27822,759
8600000US13211,13211,ZCTA5 13211,6616,445
8600000US13212,13212,ZCTA5 13212,20645,612
8600000US13214,13214,ZCTA5 13214,9357,603
8600000US13215,13215,ZCTA5 13215,15541,432
8600000US13219,13219,ZCTA5 13219,14928,539
8600000US13224,13224,ZCTA5 13224,8560,514
8600000US13290,13290,ZCTA5 13290,0,11
8600000US13301,13301,ZCTA5 13301,79,53
8600000US13302,13302,ZCTA5 13302,1726,221
8600000US13303,13303,ZCTA5 13303,1115,182
8600000US13304,13304,ZCTA5 13304,1679,277
8600000US13305,13305,ZCTA5 13305,547,238
8600000US13308,13308,ZCTA5 13308,2697,454
8600000US13309,13309,ZCTA5 13309,5806,213
8600000US13310,13310,ZCTA5 13310,573,246
8600000US13312,13312,ZCTA5 13312,421,100
8600000US13313,13313,ZCTA5 13313,511,101
8600000US13314,13314,ZCTA5 13314,484,154
8600000US13315,13315,ZCTA5 13315,1489,226
8600000US13316,13316,ZCTA5 13316,6490,262
8600000US13317,13317,ZCTA5 13317,3966,145
8600000US13318,13318,ZCTA5 13318,1271,244
8600000US13319,13319,ZCTA5 13319,793,325
8600000US13320,13320,ZCTA5 13320,2163,219
8600000US13321,13321,ZCTA5 13321,1144,404
8600000US13322,13322,ZCTA5 13322,797,181
8600000US13323,13323,ZCTA5 13323,11151,507
8600000US13324,13324,ZCTA5 13324,2093,193
8600000US13325,13325,ZCTA5 13325,992,155
8600000US13326,13326,ZCTA5 13326,5372,305
8600000US13327,13327,ZCTA5 13327,1926,194
8600000US13328,13328,ZCTA5 13328,1421,220
8600000US13329,13329,ZCTA5 13329,4331,346
8600000US13331,13331,ZCTA5 13331,156,72
8600000US13332,13332,ZCTA5 13332,2752,346
8600000US13333,13333,ZCTA5 13333,46,36
8600000US13334,13334,ZCTA5 13334,1163,245
8600000US13335,13335,ZCTA5 13335,1570,178
8600000US13337,13337,ZCTA5 13337,658,164
8600000US13338,13338,ZCTA5 13338,1088,118
8600000US13339,13339,ZCTA5 13339,6307,263
8600000US13340,13340,ZCTA5 13340,8049,342
8600000US13341,13341,ZCTA5 13341,149,79
8600000US13342,13342,ZCTA5 13342,213,62
8600000US13343,13343,ZCTA5 13343,1936,179
8600000US13345,13345,ZCTA5 13345,184,63
8600000US13346,13346,ZCTA5 13346,6304,377
8600000US13348,13348,ZCTA5 13348,1364,214
8600000US13350,13350,ZCTA5 13350,9985,83
8600000US13352,13352,ZCTA5 13352,168,160
8600000US13353,13353,ZCTA5 13353,36,19
8600000US13354,13354,ZCTA5 13354,3467,319
8600000US13355,13355,ZCTA5 13355,884,257
8600000US13357,13357,ZCTA5 13357,10969,277
8600000US13360,13360,ZCTA5 13360,354,86
8600000US13361,13361,ZCTA5 13361,880,137
8600000US13362,13362,ZCTA5 13362,197,94
8600000US13363,13363,ZCTA5 13363,2080,273
8600000US13364,13364,ZCTA5 13364,94,54
8600000US13365,13365,ZCTA5 13365,8715,313
8600000US13367,13367,ZCTA5 13367,8609,297
8600000US13368,13368,ZCTA5 13368,1259,164
8600000US13402,13402,ZCTA5 13402,1676,254
8600000US13403,13403,ZCTA5 13403,7330,604
8600000US13404,13404,ZCTA5 13404,183,49
8600000US13406,13406,ZCTA5 13406,730,130
8600000US13407,13407,ZCTA5 13407,5155,244
8600000US13408,13408,ZCTA5 13408,4096,313
8600000US13409,13409,ZCTA5 13409,2447,216
8600000US13410,13410,ZCTA5 13410,209,65
8600000US13411,13411,ZCTA5 13411,3353,261
8600000US13413,13413,ZCTA5 13413,16370,626
8600000US13415,13415,ZCTA5 13415,88,41
8600000US13416,13416,ZCTA5 13416,2320,241
8600000US13417,13417,ZCTA5 13417,3341,443
8600000US13418,13418,ZCTA5 13418,339,117
8600000US13420,13420,ZCTA5 13420,1213,270
8600000US13421,13421,ZCTA5 13421,13602,397
8600000US13424,13424,ZCTA5 13424,2421,242
8600000US13425,13425,ZCTA5 13425,2306,322
8600000US13428,13428,ZCTA5 13428,1889,190
8600000US13431,13431,ZCTA5 13431,1874,228
8600000US13433,13433,ZCTA5 13433,2003,206
8600000US13435,13435,ZCTA5 13435,270,95
8600000US13436,13436,ZCTA5 13436,95,47
8600000US13437,13437,ZCTA5 13437,437,87
8600000US13438,13438,ZCTA5 13438,3598,274
8600000US13439,13439,ZCTA5 13439,3612,314
8600000US13440,13440,ZCTA5 13440,42257,650
8600000US13441,13441,ZCTA5 13441,55,34
8600000US13450,13450,ZCTA5 13450,77,36
8600000US13452,13452,ZCTA5 13452,4498,201
8600000US13454,13454,ZCTA5 13454,705,137
8600000US13456,13456,ZCTA5 13456,4138,328
8600000US13459,13459,ZCTA5 13459,2382,332
8600000US13460,13460,ZCTA5 13460,4230,252
8600000US13461,13461,ZCTA5 13461,3063,23
8600000US13464,13464,ZCTA5 13464,1370,173
8600000US13468,13468,ZCTA5 13468,453,108
8600000US13469,13469,ZCTA5 13469,1162,364
8600000US13470,13470,ZCTA5 13470,679,117
8600000US13471,13471,ZCTA5 13471,3509,223
8600000US13472,13472,ZCTA5 13472,137,114
8600000US13473,13473,ZCTA5 13473,549,88
8600000US13475,13475,ZCTA5 13475,43,36
8600000US13476,13476,ZCTA5 13476,3212,449
8600000US13477,13477,ZCTA5 13477,1724,396
8600000US13478,13478,ZCTA5 13478,2843,387
8600000US13480,13480,ZCTA5 13480,3449,261
8600000US13483,13483,ZCTA5 13483,238,99
8600000US13484,13484,ZCTA5 13484,259,261
8600000US13485,13485,ZCTA5 13485,1088,160
8600000US13486,13486,ZCTA5 13486,729,150
8600000US13488,13488,ZCTA5 13488,149,68
8600000US13489,13489,ZCTA5 13489,628,113
8600000US13490,13490,ZCTA5 13490,1694,375
8600000US13491,13491,ZCTA5 13491,3508,247
8600000US13492,13492,ZCTA5 13492,11516,437
8600000US13493,13493,ZCTA5 13493,1775,213
8600000US13494,13494,ZCTA5 13494,238,93
8600000US13495,13495,ZCTA5 13495,2263,320
8600000US13501,13501,ZCTA5 13501,38376,821
8600000US13502,13502,ZCTA5 13502,32370,1039
8600000US13601,13601,ZCTA5 13601,38466,447
8600000US13602,13602,ZCTA5 13602,3982,633
8600000US13603,13603,ZCTA5 13603,10005,572
8600000US13605,13605,ZCTA5 13605,4760,543
8600000US13606,13606,ZCTA5 13606,2991,473
8600000US13607,13607,ZCTA5 13607,1670,235
8600000US13608,13608,ZCTA5 13608,1519,198
8600000US13612,13612,ZCTA5 13612,2685,314
8600000US13613,13613,ZCTA5 13613,2168,355
8600000US13614,13614,ZCTA5 13614,256,86
8600000US13615,13615,ZCTA5 13615,1094,204
8600000US13616,13616,ZCTA5 13616,2144,434
8600000US13617,13617,ZCTA5 13617,11483,418
8600000US13618,13618,ZCTA5 13618,1787,172
8600000US13619,13619,ZCTA5 13619,10863,370
8600000US13620,13620,ZCTA5 13620,2182,256
8600000US13621,13621,ZCTA5 13621,462,113
8600000US13622,13622,ZCTA5 13622,2681,423
8600000US13623,13623,ZCTA5 13623,22,15
8600000US13624,13624,ZCTA5 13624,5764,373
8600000US13625,13625,ZCTA5 13625,2010,237
8600000US13626,13626,ZCTA5 13626,2232,261
8600000US13628,13628,ZCTA5 13628,234,79
8600000US13630,13630,ZCTA5 13630,1547,307
8600000US13633,13633,ZCTA5 13633,334,102
8600000US13634,13634,ZCTA5 13634,4675,468
8600000US13635,13635,ZCTA5 13635,1085,143
8600000US13636,13636,ZCTA5 13636,293,82
8600000US13637,13637,ZCTA5 13637,4363,441
8600000US13638,13638,ZCTA5 13638,301,174
8600000US13639,13639,ZCTA5 13639,201,63
8600000US13640,13640,ZCTA5 13640,435,157
8600000US13641,13641,ZCTA5 13641,59,42
8600000US13642,13642,ZCTA5 13642,9922,309
8600000US13643,13643,ZCTA5 13643,0,11
8600000US13646,13646,ZCTA5 13646,2423,253
8600000US13647,13647,ZCTA5 13647,91,63
8600000US13648,13648,ZCTA5 13648,2261,253
8600000US13650,13650,ZCTA5 13650,1612,250
8600000US13651,13651,ZCTA5 13651,159,42
8600000US13652,13652,ZCTA5 13652,1785,260
8600000US13654,13654,ZCTA5 13654,3032,537
8600000US13655,13655,ZCTA5 13655,3429,74
8600000US13656,13656,ZCTA5 13656,2840,293
8600000US13658,13658,ZCTA5 13658,2137,266
8600000US13659,13659,ZCTA5 13659,527,95
8600000US13660,13660,ZCTA5 13660,1781,241
8600000US13661,13661,ZCTA5 13661,1438,198
8600000US13662,13662,ZCTA5 13662,16517,318
8600000US13664,13664,ZCTA5 13664,357,90
8600000US13665,13665,ZCTA5 13665,881,285
8600000US13666,13666,ZCTA5 13666,211,58
8600000US13667,13667,ZCTA5 13667,3025,357
8600000US13668,13668,ZCTA5 13668,3470,387
8600000US13669,13669,ZCTA5 13669,16103,571
8600000US13670,13670,ZCTA5 13670,410,80
8600000US13672,13672,ZCTA5 13672,900,262
8600000US13673,13673,ZCTA5 13673,2168,254
8600000US13674,13674,ZCTA5 13674,141,184
8600000US13675,13675,ZCTA5 13675,92,101
8600000US13676,13676,ZCTA5 13676,17060,647
8600000US13677,13677,ZCTA5 13677,85,95
8600000US13678,13678,ZCTA5 13678,263,177
8600000US13679,13679,ZCTA5 13679,1969,272
8600000US13680,13680,ZCTA5 13680,1470,312
8600000US13681,13681,ZCTA5 13681,735,167
8600000US13682,13682,ZCTA5 13682,978,189
8600000US13684,13684,ZCTA5 13684,1188,243
8600000US13685,13685,ZCTA5 13685,2299,341
8600000US13687,13687,ZCTA5 13687,481,122
8600000US13690,13690,ZCTA5 13690,741,129
8600000US13691,13691,ZCTA5 13691,2953,169
8600000US13692,13692,ZCTA5 13692,43,45
8600000US13693,13693,ZCTA5 13693,511,208
8600000US13694,13694,ZCTA5 13694,1437,195
8600000US13695,13695,ZCTA5 13695,141,96
8600000US13696,13696,ZCTA5 13696,30,45
8600000US13697,13697,ZCTA5 13697,2068,394
8600000US13730,13730,ZCTA5 13730,2799,185
8600000US13731,13731,ZCTA5 13731,1024,175
8600000US13732,13732,ZCTA5 13732,7862,373
8600000US13733,13733,ZCTA5 13733,4939,333
8600000US13734,13734,ZCTA5 13734,2140,422
8600000US13736,13736,ZCTA5 13736,2062,390
8600000US13739,13739,ZCTA5 13739,826,129
8600000US13740,13740,ZCTA5 13740,499,113
8600000US13743,13743,ZCTA5 13743,3746,382
8600000US13744,13744,ZCTA5 13744,1175,187
8600000US13746,13746,ZCTA5 13746,1987,248
8600000US13748,13748,ZCTA5 13748,3795,332
8600000US13750,13750,ZCTA5 13750,840,207
8600000US13751,13751,ZCTA5 13751,167,119
8600000US13752,13752,ZCTA5 13752,809,151
8600000US13753,13753,ZCTA5 13753,5597,162
8600000US13754,13754,ZCTA5 13754,3337,245
8600000US13755,13755,ZCTA5 13755,1212,214
8600000US13756,13756,ZCTA5 13756,447,113
8600000US13757,13757,ZCTA5 13757,1106,284
8600000US13760,13760,ZCTA5 13760,44320,623
8600000US13774,13774,ZCTA5 13774,334,212
8600000US13775,13775,ZCTA5 13775,1626,269
8600000US13776,13776,ZCTA5 13776,448,101
8600000US13777,13777,ZCTA5 13777,436,100
8600000US13778,13778,ZCTA5 13778,5926,297
8600000US13780,13780,ZCTA5 13780,860,175
8600000US13782,13782,ZCTA5 13782,687,130
8600000US13783,13783,ZCTA5 13783,2403,260
8600000US13784,13784,ZCTA5 13784,107,66
8600000US13786,13786,ZCTA5 13786,525,139
8600000US13787,13787,ZCTA5 13787,3685,482
8600000US13788,13788,ZCTA5 13788,1014,164
8600000US13790,13790,ZCTA5 13790,18034,358
8600000US13794,13794,ZCTA5 13794,29,19
8600000US13795,13795,ZCTA5 13795,3581,517
8600000US13796,13796,ZCTA5 13796,1456,262
8600000US13797,13797,ZCTA5 13797,2235,170
8600000US13801,13801,ZCTA5 13801,1339,163
8600000US13802,13802,ZCTA5 13802,598,239
8600000US13803,13803,ZCTA5 13803,4302,388
8600000US13804,13804,ZCTA5 13804,578,164
8600000US13806,13806,ZCTA5 13806,268,99
8600000US13807,13807,ZCTA5 13807,1224,216
8600000US13808,13808,ZCTA5 13808,1534,202
8600000US13809,13809,ZCTA5 13809,2109,321
8600000US13810,13810,ZCTA5 13810,1016,189
8600000US13811,13811,ZCTA5 13811,4518,264
8600000US13812,13812,ZCTA5 13812,2509,225
8600000US13813,13813,ZCTA5 13813,631,240
8600000US13815,13815,ZCTA5 13815,13444,321
8600000US13820,13820,ZCTA5 13820,22143,385
8600000US13825,13825,ZCTA5 13825,3416,250
8600000US13826,13826,ZCTA5 13826,13,22
8600000US13827,13827,ZCTA5 13827,11392,706
8600000US13830,13830,ZCTA5 13830,5124,241
8600000US13832,13832,ZCTA5 13832,679,178
8600000US13833,13833,ZCTA5 13833,4067,382
8600000US13834,13834,ZCTA5 13834,158,182
8600000US13835,13835,ZCTA5 13835,1285,175
8600000US13838,13838,ZCTA5 13838,4732,284
8600000US13839,13839,ZCTA5 13839,990,203
8600000US13841,13841,ZCTA5 13841,628,157
8600000US13842,13842,ZCTA5 13842,623,170
8600000US13843,13843,ZCTA5 13843,2001,273
8600000US13844,13844,ZCTA5 13844,930,215
8600000US13845,13845,ZCTA5 13845,59,73
8600000US13846,13846,ZCTA5 13846,270,116
8600000US13847,13847,ZCTA5 13847,65,60
8600000US13849,13849,ZCTA5 13849,3779,381
8600000US13850,13850,ZCTA5 13850,22291,454
8600000US13856,13856,ZCTA5 13856,6258,147
8600000US13859,13859,ZCTA5 13859,352,144
8600000US13860,13860,ZCTA5 13860,95,89
8600000US13861,13861,ZCTA5 13861,352,154
8600000US13862,13862,ZCTA5 13862,4504,239
8600000US13863,13863,ZCTA5 13863,769,141
8600000US13864,13864,ZCTA5 13864,1039,287
8600000US13865,13865,ZCTA5 13865,6191,322
8600000US13901,13901,ZCTA5 13901,19160,656
8600000US13902,13902,ZCTA5 13902,6149,461
8600000US13903,13903,ZCTA5 13903,18099,677
8600000US13904,13904,ZCTA5 13904,9769,684
8600000US13905,13905,ZCTA5 13905,27767,862
8600000US14001,14001,ZCTA5 14001,9609,402
8600000US14004,14004,ZCTA5 14004,12363,394
8600000US14005,14005,ZCTA5 14005,1865,212
8600000US14006,14006,ZCTA5 14006,9826,372
8600000US14008,14008,ZCTA5 14008,1450,320
8600000US14009,14009,ZCTA5 14009,5368,194
8600000US14011,14011,ZCTA5 14011,9859,238
8600000US14012,14012,ZCTA5 14012,2453,201
8600000US14013,14013,ZCTA5 14013,1742,179
8600000US14020,14020,ZCTA5 14020,22725,323
8600000US14024,14024,ZCTA5 14024,1770,187
8600000US14025,14025,ZCTA5 14025,2762,363
8600000US14026,14026,ZCTA5 14026,655,203
8600000US14028,14028,ZCTA5 14028,1558,328
8600000US14030,14030,ZCTA5 14030,1663,202
8600000US14031,14031,ZCTA5 14031,10069,671
8600000US14032,14032,ZCTA5 14032,8187,587
8600000US14033,14033,ZCTA5 14033,2045,317
8600000US14034,14034,ZCTA5 14034,2957,210
8600000US14035,14035,ZCTA5 14035,103,116
8600000US14036,14036,ZCTA5 14036,5092,371
8600000US14037,14037,ZCTA5 14037,912,155
8600000US14039,14039,ZCTA5 14039,108,35
8600000US14040,14040,ZCTA5 14040,2117,203
8600000US14041,14041,ZCTA5 14041,179,80
8600000US14042,14042,ZCTA5 14042,3960,208
8600000US14043,14043,ZCTA5 14043,24004,609
8600000US14047,14047,ZCTA5 14047,6390,394
8600000US14048,14048,ZCTA5 14048,14349,245
8600000US14051,14051,ZCTA5 14051,20108,824
8600000US14052,14052,ZCTA5 14052,16524,737
8600000US14054,14054,ZCTA5 14054,1288,171
8600000US14055,14055,ZCTA5 14055,1536,261
8600000US14057,14057,ZCTA5 14057,8154,263
8600000US14058,14058,ZCTA5 14058,2036,242
8600000US14059,14059,ZCTA5 14059,10087,667
8600000US14060,14060,ZCTA5 14060,349,85
8600000US14061,14061,ZCTA5 14061,307,76
8600000US14062,14062,ZCTA5 14062,3073,324
8600000US14063,14063,ZCTA5 14063,14538,267
8600000US14065,14065,ZCTA5 14065,1725,195
8600000US14066,14066,ZCTA5 14066,1101,147
8600000US14067,14067,ZCTA5 14067,5691,577
8600000US14068,14068,ZCTA5 14068,7141,604
8600000US14069,14069,ZCTA5 14069,842,184
8600000US14070,14070,ZCTA5 14070,6356,319
8600000US14072,14072,ZCTA5 14072,20735,34
8600000US14075,14075,ZCTA5 14075,43112,786
8600000US14080,14080,ZCTA5 14080,4249,312
8600000US14081,14081,ZCTA5 14081,3154,247
8600000US14082,14082,ZCTA5 14082,428,112
8600000US14085,14085,ZCTA5 14085,7308,473
8600000US14086,14086,ZCTA5 14086,32875,545
8600000US14091,14091,ZCTA5 14091,916,206
8600000US14092,14092,ZCTA5 14092,11399,403
8600000US14094,14094,ZCTA5 14094,49463,706
8600000US14098,14098,ZCTA5 14098,2876,230
8600000US14101,14101,ZCTA5 14101,2181,288
8600000US14102,14102,ZCTA5 14102,1290,334
8600000US14103,14103,ZCTA5 14103,10601,342
8600000US14105,14105,ZCTA5 14105,4303,420
8600000US14108,14108,ZCTA5 14108,5756,427
8600000US14109,14109,ZCTA5 14109,1174,169
8600000US14111,14111,ZCTA5 14111,3738,255
8600000US14112,14112,ZCTA5 14112,0,11
8600000US14113,14113,ZCTA5 14113,560,115
8600000US14120,14120,ZCTA5 14120,44864,810
8600000US14125,14125,ZCTA5 14125,3798,162
8600000US14126,14126,ZCTA5 14126,510,193
8600000US14127,14127,ZCTA5 14127,30578,475
8600000US14129,14129,ZCTA5 14129,1539,236
8600000US14130,14130,ZCTA5 14130,128,52
8600000US14131,14131,ZCTA5 14131,5382,476
8600000US14132,14132,ZCTA5 14132,6171,551
8600000US14134,14134,ZCTA5 14134,125,87
8600000US14135,14135,ZCTA5 14135,114,54
8600000US14136,14136,ZCTA5 14136,5157,309
8600000US14138,14138,ZCTA5 14138,2152,276
8600000US14139,14139,ZCTA5 14139,2417,323
8600000US14141,14141,ZCTA5 14141,7424,252
8600000US14143,14143,ZCTA5 14143,1208,164
8600000US14145,14145,ZCTA5 14145,1744,209
8600000US14150,14150,ZCTA5 14150,41095,692
8600000US14167,14167,ZCTA5 14167,1759,199
8600000US14168,14168,ZCTA5 14168,96,95
8600000US14169,14169,ZCTA5 14169,201,70
8600000US14170,14170,ZCTA5 14170,2655,402
8600000US14171,14171,ZCTA5 14171,2054,265
8600000US14172,14172,ZCTA5 14172,2999,346
8600000US14173,14173,ZCTA5 14173,396,180
8600000US14174,14174,ZCTA5 14174,5412,301
8600000US14201,14201,ZCTA5 14201,11711,915
8600000US14202,14202,ZCTA5 14202,3419,371
8600000US14203,14203,ZCTA5 14203,1807,314
8600000US14204,14204,ZCTA5 14204,8687,653
8600000US14206,14206,ZCTA5 14206,20352,779
8600000US14207,14207,ZCTA5 14207,23383,1180
8600000US14208,14208,ZCTA5 14208,11514,734
8600000US14209,14209,ZCTA5 14209,7693,775
8600000US14210,14210,ZCTA5 14210,14379,978
8600000US14211,14211,ZCTA5 14211,22017,1301
8600000US14212,14212,ZCTA5 14212,10611,744
8600000US14213,14213,ZCTA5 14213,24258,1407
8600000US14214,14214,ZCTA5 14214,20381,1157
8600000US14215,14215,ZCTA5 14215,39458,1284
8600000US14216,14216,ZCTA5 14216,22171,1071
8600000US14217,14217,ZCTA5 14217,22815,378
8600000US14218,14218,ZCTA5 14218,18912,344
8600000US14219,14219,ZCTA5 14219,11501,565
8600000US14220,14220,ZCTA5 14220,24132,931
8600000US14221,14221,ZCTA5 14221,54603,987
8600000US14222,14222,ZCTA5 14222,14377,856
8600000US14223,14223,ZCTA5 14223,23111,647
8600000US14224,14224,ZCTA5 14224,40660,503
8600000US14225,14225,ZCTA5 14225,33273,672
8600000US14226,14226,ZCTA5 14226,29414,728
8600000US14227,14227,ZCTA5 14227,22657,647
8600000US14228,14228,ZCTA5 14228,21533,843
8600000US14261,14261,ZCTA5 14261,5817,332
8600000US14301,14301,ZCTA5 14301,12730,779
8600000US14302,14302,ZCTA5 14302,48,48
8600000US14303,14303,ZCTA5 14303,5655,621
8600000US14304,14304,ZCTA5 14304,29409,840
8600000US14305,14305,ZCTA5 14305,16682,654
8600000US14411,14411,ZCTA5 14411,14424,452
8600000US14414,14414,ZCTA5 14414,7046,146
8600000US14415,14415,ZCTA5 14415,173,85
8600000US14416,14416,ZCTA5 14416,3550,179
8600000US14418,14418,ZCTA5 14418,1339,202
8600000US14420,14420,ZCTA5 14420,20795,333
8600000US14422,14422,ZCTA5 14422,2434,230
8600000US14423,14423,ZCTA5 14423,4816,225
8600000US14424,14424,ZCTA5 14424,27330,436
8600000US14425,14425,ZCTA5 14425,11860,243
8600000US14427,14427,ZCTA5 14427,2156,186
8600000US14428,14428,ZCTA5 14428,7837,386
8600000US14432,14432,ZCTA5 14432,6237,578
8600000US14433,14433,ZCTA5 14433,4375,333
8600000US14435,14435,ZCTA5 14435,2910,255
8600000US14437,14437,ZCTA5 14437,11484,350
8600000US14441,14441,ZCTA5 14441,457,127
8600000US14445,14445,ZCTA5 14445,7978,220
8600000US14450,14450,ZCTA5 14450,41191,577
8600000US14454,14454,ZCTA5 14454,11256,225
8600000US14456,14456,ZCTA5 14456,19522,329
8600000US14462,14462,ZCTA5 14462,530,138
8600000US14464,14464,ZCTA5 14464,7538,345
8600000US14466,14466,ZCTA5 14466,1910,408
8600000US14467,14467,ZCTA5 14467,10782,645
8600000US14468,14468,ZCTA5 14468,18547,741
8600000US14469,14469,ZCTA5 14469,6207,317
8600000US14470,14470,ZCTA5 14470,7848,281
8600000US14471,14471,ZCTA5 14471,2550,379
8600000US14472,14472,ZCTA5 14472,8303,483
8600000US14475,14475,ZCTA5 14475,260,73
8600000US14476,14476,ZCTA5 14476,2246,122
8600000US14477,14477,ZCTA5 14477,1740,312
8600000US14478,14478,ZCTA5 14478,1566,243
8600000US14479,14479,ZCTA5 14479,252,114
8600000US14480,14480,ZCTA5 14480,808,532
8600000US14481,14481,ZCTA5 14481,1798,238
8600000US14482,14482,ZCTA5 14482,8278,255
8600000US14485,14485,ZCTA5 14485,4323,210
8600000US14486,14486,ZCTA5 14486,361,125
8600000US14487,14487,ZCTA5 14487,5874,603
8600000US14489,14489,ZCTA5 14489,7073,406
8600000US14502,14502,ZCTA5 14502,10866,377
8600000US14504,14504,ZCTA5 14504,1910,224
8600000US14505,14505,ZCTA5 14505,5065,354
8600000US14506,14506,ZCTA5 14506,1404,258
8600000US14507,14507,ZCTA5 14507,1272,193
8600000US14510,14510,ZCTA5 14510,4651,259
8600000US14511,14511,ZCTA5 14511,334,191
8600000US14512,14512,ZCTA5 14512,4592,337
8600000US14513,14513,ZCTA5 14513,13740,307
8600000US14514,14514,ZCTA5 14514,6784,389
8600000US14516,14516,ZCTA5 14516,2547,323
8600000US14517,14517,ZCTA5 14517,3163,257
8600000US14519,14519,ZCTA5 14519,11774,365
8600000US14521,14521,ZCTA5 14521,2454,327
8600000US14522,14522,ZCTA5 14522,9232,409
8600000US14525,14525,ZCTA5 14525,2751,285
8600000US14526,14526,ZCTA5 14526,20329,626
8600000US14527,14527,ZCTA5 14527,12738,485
8600000US14529,14529,ZCTA5 14529,190,149
8600000US14530,14530,ZCTA5 14530,5289,178
8600000US14532,14532,ZCTA5 14532,4611,370
8600000US14533,14533,ZCTA5 14533,1820,263
8600000US14534,14534,ZCTA5 14534,32195,822
8600000US14536,14536,ZCTA5 14536,537,87
8600000US14537,14537,ZCTA5 14537,194,78
8600000US14539,14539,ZCTA5 14539,186,97
8600000US14541,14541,ZCTA5 14541,4317,318
8600000US14542,14542,ZCTA5 14542,42,30
8600000US14543,14543,ZCTA5 14543,3186,264
8600000US14544,14544,ZCTA5 14544,2242,340
8600000US14545,14545,ZCTA5 14545,213,65
8600000US14546,14546,ZCTA5 14546,4834,304
8600000US14548,14548,ZCTA5 14548,3548,442
8600000US14549,14549,ZCTA5 14549,48,27
8600000US14550,14550,ZCTA5 14550,1774,187
8600000US14551,14551,ZCTA5 14551,5339,523
8600000US14555,14555,ZCTA5 14555,1115,172
8600000US14559,14559,ZCTA5 14559,18423,646
8600000US14560,14560,ZCTA5 14560,2091,246
8600000US14561,14561,ZCTA5 14561,2896,344
8600000US14564,14564,ZCTA5 14564,14789,228
8600000US14568,14568,ZCTA5 14568,6085,333
8600000US14569,14569,ZCTA5 14569,6084,165
8600000US14571,14571,ZCTA5 14571,1142,245
8600000US14572,14572,ZCTA5 14572,4968,260
8600000US14580,14580,ZCTA5 14580,51928,455
8600000US14585,14585,ZCTA5 14585,75,30
8600000US14586,14586,ZCTA5 14586,11267,581
8600000US14588,14588,ZCTA5 14588,677,144
8600000US14589,14589,ZCTA5 14589,7618,309
8600000US14590,14590,ZCTA5 14590,5198,416
8600000US14591,14591,ZCTA5 14591,1557,155
8600000US14592,14592,ZCTA5 14592,152,113
8600000US14604,14604,ZCTA5 14604,1690,248
8600000US14605,14605,ZCTA5 14605,13199,690
8600000US14606,14606,ZCTA5 14606,28704,1103
8600000US14607,14607,ZCTA5 14607,16675,760
8600000US14608,14608,ZCTA5 14608,12399,852
8600000US14609,14609,ZCTA5 14609,43762,1523
8600000US14610,14610,ZCTA5 14610,13781,600
8600000US14611,14611,ZCTA5 14611,16531,853
8600000US14612,14612,ZCTA5 14612,33905,895
8600000US14613,14613,ZCTA5 14613,13232,828
8600000US14614,14614,ZCTA5 14614,1179,175
8600000US14615,14615,ZCTA5 14615,16375,1009
8600000US14616,14616,ZCTA5 14616,28280,907
8600000US14617,14617,ZCTA5 14617,22848,613
8600000US14618,14618,ZCTA5 14618,22705,843
8600000US14619,14619,ZCTA5 14619,14787,751
8600000US14620,14620,ZCTA5 14620,24902,974
8600000US14621,14621,ZCTA5 14621,34095,1334
8600000US14622,14622,ZCTA5 14622,11952,562
8600000US14623,14623,ZCTA5 14623,25923,926
8600000US14624,14624,ZCTA5 14624,35694,989
8600000US14625,14625,ZCTA5 14625,10354,391
8600000US14626,14626,ZCTA5 14626,30500,844
8600000US14627,14627,ZCTA5 14627,2506,273
8600000US14701,14701,ZCTA5 14701,40070,601
8600000US14706,14706,ZCTA5 14706,6198,237
8600000US14707,14707,ZCTA5 14707,193,77
8600000US14708,14708,ZCTA5 14708,209,111
8600000US14709,14709,ZCTA5 14709,1552,175
8600000US14710,14710,ZCTA5 14710,3237,338
8600000US14711,14711,ZCTA5 14711,2031,254
8600000US14712,14712,ZCTA5 14712,3384,201
8600000US14714,14714,ZCTA5 14714,524,108
8600000US14715,14715,ZCTA5 14715,2824,223
8600000US14716,14716,ZCTA5 14716,3114,265
8600000US14717,14717,ZCTA5 14717,510,126
8600000US14718,14718,ZCTA5 14718,2354,275
8600000US14719,14719,ZCTA5 14719,3547,289
8600000US14720,14720,ZCTA5 14720,712,140
8600000US14721,14721,ZCTA5 14721,119,56
8600000US14722,14722,ZCTA5 14722,381,137
8600000US14723,14723,ZCTA5 14723,1113,158
8600000US14724,14724,ZCTA5 14724,2505,263
8600000US14726,14726,ZCTA5 14726,2146,315
8600000US14727,14727,ZCTA5 14727,5137,295
8600000US14728,14728,ZCTA5 14728,932,258
8600000US14729,14729,ZCTA5 14729,813,116
8600000US14731,14731,ZCTA5 14731,1243,159
8600000US14732,14732,ZCTA5 14732,124,54
8600000US14733,14733,ZCTA5 14733,3856,415
8600000US14735,14735,ZCTA5 14735,2763,201
8600000US14736,14736,ZCTA5 14736,243,72
8600000US14737,14737,ZCTA5 14737,4139,219
8600000US14738,14738,ZCTA5 14738,3531,153
8600000US14739,14739,ZCTA5 14739,2766,299
8600000US14740,14740,ZCTA5 14740,1367,168
8600000US14741,14741,ZCTA5 14741,2297,278
8600000US14742,14742,ZCTA5 14742,316,125
8600000US14743,14743,ZCTA5 14743,1683,215
8600000US14744,14744,ZCTA5 14744,2259,225
8600000US14747,14747,ZCTA5 14747,2229,224
8600000US14748,14748,ZCTA5 14748,742,137
8600000US14750,14750,ZCTA5 14750,4300,244
8600000US14752,14752,ZCTA5 14752,198,96
8600000US14753,14753,ZCTA5 14753,1041,159
8600000US14754,14754,ZCTA5 14754,585,116
8600000US14755,14755,ZCTA5 14755,3122,205
8600000US14756,14756,ZCTA5 14756,103,74
8600000US14757,14757,ZCTA5 14757,3405,246
8600000US14760,14760,ZCTA5 14760,18235,355
8600000US14767,14767,ZCTA5 14767,1913,198
8600000US14769,14769,ZCTA5 14769,927,231
8600000US14770,14770,ZCTA5 14770,2836,232
8600000US14772,14772,ZCTA5 14772,3916,270
8600000US14774,14774,ZCTA5 14774,143,66
8600000US14775,14775,ZCTA5 14775,2461,295
8600000US14777,14777,ZCTA5 14777,550,121
8600000US14778,14778,ZCTA5 14778,1428,212
8600000US14779,14779,ZCTA5 14779,6672,151
8600000US14781,14781,ZCTA5 14781,2119,247
8600000US14782,14782,ZCTA5 14782,2549,259
8600000US14783,14783,ZCTA5 14783,351,81
8600000US14784,14784,ZCTA5 14784,718,219
8600000US14787,14787,ZCTA5 14787,4929,133
8600000US14788,14788,ZCTA5 14788,209,95
8600000US14801,14801,ZCTA5 14801,5611,309
8600000US14802,14802,ZCTA5 14802,4273,210
8600000US14803,14803,ZCTA5 14803,855,167
8600000US14804,14804,ZCTA5 14804,1464,143
8600000US14805,14805,ZCTA5 14805,1049,201
8600000US14806,14806,ZCTA5 14806,2267,311
8600000US14807,14807,ZCTA5 14807,2836,266
8600000US14808,14808,ZCTA5 14808,494,150
8600000US14809,14809,ZCTA5 14809,2363,209
8600000US14810,14810,ZCTA5 14810,12621,353
8600000US14812,14812,ZCTA5 14812,3231,292
8600000US14813,14813,ZCTA5 14813,2449,237
8600000US14814,14814,ZCTA5 14814,1850,374
8600000US14815,14815,ZCTA5 14815,988,148
8600000US14816,14816,ZCTA5 14816,519,216
8600000US14817,14817,ZCTA5 14817,2494,318
8600000US14818,14818,ZCTA5 14818,1804,341
8600000US14819,14819,ZCTA5 14819,801,187
8600000US14820,14820,ZCTA5 14820,834,148
8600000US14821,14821,ZCTA5 14821,3193,239
8600000US14822,14822,ZCTA5 14822,1297,371
8600000US14823,14823,ZCTA5 14823,3660,209
8600000US14824,14824,ZCTA5 14824,424,90
8600000US14825,14825,ZCTA5 14825,781,151
8600000US14826,14826,ZCTA5 14826,1982,211
8600000US14827,14827,ZCTA5 14827,98,79
8600000US14830,14830,ZCTA5 14830,19965,491
8600000US14836,14836,ZCTA5 14836,910,159
8600000US14837,14837,ZCTA5 14837,5653,339
8600000US14838,14838,ZCTA5 14838,2056,315
8600000US14839,14839,ZCTA5 14839,819,203
8600000US14840,14840,ZCTA5 14840,2866,209
8600000US14841,14841,ZCTA5 14841,599,188
8600000US14842,14842,ZCTA5 14842,940,222
8600000US14843,14843,ZCTA5 14843,12968,283
8600000US14845,14845,ZCTA5 14845,20728,681
8600000US14846,14846,ZCTA5 14846,824,125
8600000US14847,14847,ZCTA5 14847,2388,191
8600000US14850,14850,ZCTA5 14850,66159,887
8600000US14853,14853,ZCTA5 14853,2864,278
8600000US14854,14854,ZCTA5 14854,28,25
8600000US14855,14855,ZCTA5 14855,1083,260
8600000US14856,14856,ZCTA5 14856,234,237
8600000US14858,14858,ZCTA5 14858,1627,217
8600000US14859,14859,ZCTA5 14859,723,157
8600000US14860,14860,ZCTA5 14860,1235,179
8600000US14861,14861,ZCTA5 14861,1215,176
8600000US14864,14864,ZCTA5 14864,1156,249
8600000US14865,14865,ZCTA5 14865,3005,394
8600000US14867,14867,ZCTA5 14867,5800,223
8600000US14869,14869,ZCTA5 14869,1359,194
8600000US14870,14870,ZCTA5 14870,9938,503
8600000US14871,14871,ZCTA5 14871,5294,432
8600000US14872,14872,ZCTA5 14872,769,194
8600000US14873,14873,ZCTA5 14873,2662,324
8600000US14874,14874,ZCTA5 14874,255,67
8600000US14877,14877,ZCTA5 14877,372,74
8600000US14878,14878,ZCTA5 14878,603,139
8600000US14879,14879,ZCTA5 14879,1999,256
8600000US14880,14880,ZCTA5 14880,1407,193
8600000US14881,14881,ZCTA5 14881,287,225
8600000US14882,14882,ZCTA5 14882,3985,462
8600000US14883,14883,ZCTA5 14883,3920,421
8600000US14884,14884,ZCTA5 14884,223,45
8600000US14885,14885,ZCTA5 14885,748,125
8600000US14886,14886,ZCTA5 14886,7269,545
8600000US14889,14889,ZCTA5 14889,1779,193
8600000US14891,14891,ZCTA5 14891,4310,317
8600000US14892,14892,ZCTA5 14892,8299,325
8600000US14893,14893,ZCTA5 14893,6,8
8600000US14894,14894,ZCTA5 14894,1325,199
8600000US14895,14895,ZCTA5 14895,9446,263
8600000US14897,14897,ZCTA5 14897,846,126
8600000US14898,14898,ZCTA5 14898,1826,238
8600000US14901,14901,ZCTA5 14901,16334,567
8600000US14903,14903,ZCTA5 14903,7143,490
8600000US14904,14904,ZCTA5 14904,15782,612
8600000US14905,14905,ZCTA5 14905,9150,478