,created_date,gross_rent,income,pop,Borough,zip,fall,spring,summer,winter,bronx,brooklyn,manhattan,queens,staten_island,count_zip_code
0,Winter,645,24610,12468,BROOKLYN,411,0,0,0,1,0,1,0,0,0,411
1,Winter,705,21553,38938,BRONX,2272,0,0,0,1,1,0,0,0,0,2272
2,Winter,744,31371,43444,BROOKLYN,1895,0,0,0,1,0,1,0,0,0,1895
3,Winter,758,26893,34187,MANHATTAN,2385,0,0,0,1,0,0,1,0,0,2385
4,Winter,851,23962,42779,BRONX,2887,0,0,0,1,1,0,0,0,0,2887
5,Winter,867,42333,19403,QUEENS,849,0,0,0,1,0,0,0,1,0,849
6,Winter,882,32257,27471,MANHATTAN,1925,0,0,0,1,0,0,1,0,0,1925
7,Winter,893,36686,61818,BRONX,2455,0,0,0,1,1,0,0,0,0,2455
8,Winter,911,32500,79411,MANHATTAN,4099,0,0,0,1,0,0,1,0,0,4099
9,Winter,917,33720,30358,MANHATTAN,2731,0,0,0,1,0,0,1,0,0,2731
10,Winter,919,35594,78096,MANHATTAN,4180,0,0,0,1,0,0,1,0,0,4180
11,Winter,924,53829,12021,QUEENS,656,0,0,0,1,0,0,0,1,0,656
12,Winter,941,24805,47972,BRONX,3983,0,0,0,1,1,0,0,0,0,3983
13,Winter,942,31549,86486,BROOKLYN,4113,0,0,0,1,0,1,0,0,0,4113
14,Winter,948,25868,92712,BRONX,7438,0,0,0,1,1,0,0,0,0,7438
15,Winter,954,46340,44749,BRONX,528,0,0,0,1,1,0,0,0,0,528
16,Winter,956,28495,86469,BROOKLYN,6481,0,0,0,1,0,1,0,0,0,6481
17,Winter,964,24086,60266,BRONX,5471,0,0,0,1,1,0,0,0,0,5471
18,Winter,965,26419,48289,BRONX,3753,0,0,0,1,1,0,0,0,0,3753
19,Winter,972,55198,24562,STATEN ISLAND,1293,0,0,0,1,0,0,0,0,1,1293
20,Winter,1045,52082,38540,MANHATTAN,2260,0,0,0,1,0,0,1,0,0,2260
21,Winter,1057,22914,80516,BRONX,9402,0,0,0,1,1,0,0,0,0,9402
22,Winter,1063,42754,64120,MANHATTAN,4267,0,0,0,1,0,0,1,0,0,4267
23,Winter,1065,25771,75288,BRONX,7171,0,0,0,1,1,0,0,0,0,7171
24,Winter,1068,39463,20112,MANHATTAN,1650,0,0,0,1,0,0,1,0,0,1650
25,Winter,1072,53843,42054,STATEN ISLAND,2327,0,0,0,1,0,0,0,0,1,2327
26,Winter,1079,35849,93251,BROOKLYN,6902,0,0,0,1,0,1,0,0,0,6902
27,Winter,1083,25967,74010,BRONX,7029,0,0,0,1,1,0,0,0,0,7029
28,Winter,1086,69201,24250,STATEN ISLAND,1417,0,0,0,1,0,0,0,0,1,1417
29,Winter,1089,41190,64946,QUEENS,3371,0,0,0,1,0,0,0,1,0,3371
30,Winter,1094,26901,12793,BRONX,1600,0,0,0,1,1,0,0,0,0,1600
31,Winter,1100,29934,68972,BRONX,6718,0,0,0,1,1,0,0,0,0,6718
32,Winter,1114,35686,72159,BROOKLYN,5743,0,0,0,1,0,1,0,0,0,5743
33,Winter,1131,37556,65434,BROOKLYN,6352,0,0,0,1,0,1,0,0,0,6352
34,Winter,1131,40054,63189,MANHATTAN,5937,0,0,0,1,0,0,1,0,0,5937
35,Winter,1134,45820,34703,QUEENS,2105,0,0,0,1,0,0,0,1,0,2105
36,Winter,1138,57454,66279,QUEENS,2330,0,0,0,1,0,0,0,1,0,2330
37,Winter,1143,30339,81698,BRONX,9181,0,0,0,1,1,0,0,0,0,9181
38,Winter,1160,34964,103045,BRONX,9581,0,0,0,1,1,0,0,0,0,9581
39,Winter,1165,44354,71645,BRONX,5026,0,0,0,1,1,0,0,0,0,5026
40,Winter,1167,34988,75537,BRONX,8173,0,0,0,1,1,0,0,0,0,8173
41,Winter,1171,37640,95715,BROOKLYN,5743,0,0,0,1,0,1,0,0,0,5743
42,Winter,1171,37640,95715,QUEENS,11,0,0,0,1,0,0,0,1,0,11
43,Winter,1174,41848,60778,MANHATTAN,7113,0,0,0,1,0,0,1,0,0,7113
44,Winter,1175,77278,15275,STATEN ISLAND,462,0,0,0,1,0,0,0,0,1,462
45,Winter,1185,88567,60951,STATEN ISLAND,2467,0,0,0,1,0,0,0,0,1,2467
46,Winter,1186,55700,39519,STATEN ISLAND,2595,0,0,0,1,0,0,0,0,1,2595
47,Winter,1195,74063,41533,STATEN ISLAND,1785,0,0,0,1,0,0,0,0,1,1785
48,Winter,1198,55864,17758,STATEN ISLAND,1033,0,0,0,1,0,0,0,0,1,1033
49,Winter,1205,55187,82914,BROOKLYN,3976,0,0,0,1,0,1,0,0,0,3976
50,Winter,1207,45578,78237,BROOKLYN,4262,0,0,0,1,0,1,0,0,0,4262
51,Winter,1208,46971,75920,BROOKLYN,4757,0,0,0,1,0,1,0,0,0,4757
52,Winter,1211,44647,79730,BROOKLYN,4023,0,0,0,1,0,1,0,0,0,4023
53,Winter,1220,52239,55816,BROOKLYN,5167,0,0,0,1,0,1,0,0,0,5167
54,Winter,1223,59520,68435,BROOKLYN,4481,0,0,0,1,0,1,0,0,0,4481
55,Winter,1226,48315,78725,BRONX,5913,0,0,0,1,1,0,0,0,0,5913
56,Winter,1229,47437,44818,BROOKLYN,2506,0,0,0,1,0,1,0,0,0,2506
57,Winter,1232,45643,43951,MANHATTAN,4958,0,0,0,1,0,0,1,0,0,4958
58,Winter,1232,78745,55031,STATEN ISLAND,2469,0,0,0,1,0,0,0,0,1,2469
59,Winter,1235,45811,45033,MANHATTAN,5958,0,0,0,1,0,0,1,0,0,5958
60,Winter,1236,56568,71657,BRONX,4921,0,0,0,1,1,0,0,0,0,4921
61,Winter,1236,56568,71657,MANHATTAN,437,0,0,0,1,0,0,1,0,0,437
62,Winter,1242,45031,101787,BROOKLYN,10509,0,0,0,1,0,1,0,0,0,10509
63,Winter,1246,52119,91728,BROOKLYN,4238,0,0,0,1,0,1,0,0,0,4238
64,Winter,1250,79145,21219,QUEENS,1185,0,0,0,1,0,0,0,1,0,1185
65,Winter,1251,76917,4300,BRONX,331,0,0,0,1,1,0,0,0,0,331
66,Winter,1254,43361,84034,BROOKLYN,6046,0,0,0,1,0,1,0,0,0,6046
67,Winter,1261,47135,79332,BROOKLYN,3398,0,0,0,1,0,1,0,0,0,3398
68,Winter,1261,48597,60323,BROOKLYN,6508,0,0,0,1,0,1,0,0,0,6508
69,Winter,1262,40576,101006,BROOKLYN,4397,0,0,0,1,0,1,0,0,0,4397
70,Winter,1274,77761,88585,STATEN ISLAND,3467,0,0,0,1,0,0,0,0,1,3467
71,Winter,1275,43344,88933,BROOKLYN,5031,0,0,0,1,0,1,0,0,0,5031
72,Winter,1277,73068,44950,BRONX,1809,0,0,0,1,1,0,0,0,0,1809
73,Winter,1293,57124,71664,BRONX,3541,0,0,0,1,1,0,0,0,0,3541
74,Winter,1294,46349,59353,MANHATTAN,6269,0,0,0,1,0,0,1,0,0,6269
75,Winter,1295,36573,96287,BROOKLYN,3338,0,0,0,1,0,1,0,0,0,3338
76,Winter,1299,65494,22941,QUEENS,822,0,0,0,1,0,0,0,1,0,822
77,Winter,1301,55332,50255,BRONX,3712,0,0,0,1,1,0,0,0,0,3712
78,Winter,1303,58839,14574,BRONX,1567,0,0,0,1,1,0,0,0,0,1567
79,Winter,1305,60885,100049,BROOKLYN,4259,0,0,0,1,0,1,0,0,0,4259
80,Winter,1307,38451,82028,QUEENS,3213,0,0,0,1,0,0,0,1,0,3213
81,Winter,1308,66070,31823,QUEENS,1295,0,0,0,1,0,0,0,1,0,1295
82,Winter,1314,57310,42663,QUEENS,1635,0,0,0,1,0,0,0,1,0,1635
83,Winter,1322,51964,26505,QUEENS,3121,0,0,0,1,0,0,0,1,0,3121
84,Winter,1333,71995,37802,QUEENS,1586,0,0,0,1,0,0,0,1,0,1586
85,Winter,1336,75362,95546,BROOKLYN,4203,0,0,0,1,0,1,0,0,0,4203
86,Winter,1337,60526,103372,BROOKLYN,2,0,0,0,1,0,1,0,0,0,2
87,Winter,1337,60526,103372,QUEENS,5816,0,0,0,1,0,0,0,1,0,5816
88,Winter,1339,93248,33459,STATEN ISLAND,1309,0,0,0,1,0,0,0,0,1,1309
89,Winter,1344,63641,46164,BROOKLYN,1797,0,0,0,1,0,1,0,0,0,1797
90,Winter,1347,52792,64109,QUEENS,2664,0,0,0,1,0,0,0,1,0,2664
91,Winter,1353,55268,57627,QUEENS,2570,0,0,0,1,0,0,0,1,0,2570
92,Winter,1356,52277,64686,QUEENS,2917,0,0,0,1,0,0,0,1,0,2917
93,Winter,1357,46351,53678,BROOKLYN,3783,0,0,0,1,0,1,0,0,0,3783
94,Winter,1357,46351,53678,QUEENS,24,0,0,0,1,0,0,0,1,0,24
95,Winter,1357,47785,29387,BROOKLYN,1869,0,0,0,1,0,1,0,0,0,1869
96,Winter,1365,87493,30347,STATEN ISLAND,1139,0,0,0,1,0,0,0,0,1,1139
97,Winter,1371,77037,26739,QUEENS,920,0,0,0,1,0,0,0,1,0,920
98,Winter,1384,59092,27144,BROOKLYN,1,0,0,0,1,0,1,0,0,0,1
99,Winter,1384,59092,27144,QUEENS,1400,0,0,0,1,0,0,0,1,0,1400
100,Winter,1386,45677,96616,QUEENS,4415,0,0,0,1,0,0,0,1,0,4415
101,Winter,1389,55550,43158,QUEENS,2144,0,0,0,1,0,0,0,1,0,2144
102,Winter,1389,66978,31742,QUEENS,1678,0,0,0,1,0,0,0,1,0,1678
103,Winter,1391,51864,37823,QUEENS,1582,0,0,0,1,0,0,0,1,0,1582
104,Winter,1395,43660,58551,QUEENS,2548,0,0,0,1,0,0,0,1,0,2548
105,Winter,1395,63079,39908,QUEENS,2019,0,0,0,1,0,0,0,1,0,2019
106,Winter,1400,75320,36082,QUEENS,1701,0,0,0,1,0,0,0,1,0,1701
107,Winter,1401,61484,50549,QUEENS,2419,0,0,0,1,0,0,0,1,0,2419
108,Winter,1401,68675,19736,QUEENS,803,0,0,0,1,0,0,0,1,0,803
109,Winter,1402,65181,67822,BROOKLYN,4152,0,0,0,1,0,1,0,0,0,4152
110,Winter,1412,51675,90883,QUEENS,4089,0,0,0,1,0,0,0,1,0,4089
111,Winter,1412,91226,14722,QUEENS,332,0,0,0,1,0,0,0,1,0,332
112,Winter,1419,62014,51642,QUEENS,2275,0,0,0,1,0,0,0,1,0,2275
113,Winter,1432,64055,19308,QUEENS,1422,0,0,0,1,0,0,0,1,0,1422
114,Winter,1438,60821,74831,BROOKLYN,4141,0,0,0,1,0,1,0,0,0,4141
115,Winter,1438,81678,19300,QUEENS,790,0,0,0,1,0,0,0,1,0,790
116,Winter,1440,62509,44617,QUEENS,1427,0,0,0,1,0,0,0,1,0,1427
117,Winter,1447,57155,26102,QUEENS,1518,0,0,0,1,0,0,0,1,0,1518
118,Winter,1447,61631,33270,QUEENS,2245,0,0,0,1,0,0,0,1,0,2245
119,Winter,1449,64544,43341,BROOKLYN,1,0,0,0,1,0,1,0,0,0,1
120,Winter,1449,64544,43341,QUEENS,1993,0,0,0,1,0,0,0,1,0,1993
121,Winter,1450,66837,20136,QUEENS,876,0,0,0,1,0,0,0,1,0,876
122,Winter,1450,80025,94717,MANHATTAN,4460,0,0,0,1,0,0,1,0,0,4460
123,Winter,1462,56442,39409,QUEENS,2160,0,0,0,1,0,0,0,1,0,2160
124,Winter,1464,45980,112982,QUEENS,4425,0,0,0,1,0,0,0,1,0,4425
125,Winter,1486,111035,41381,QUEENS,73,0,0,0,1,0,0,0,1,0,73
126,Winter,1504,81594,21601,BRONX,1059,0,0,0,1,1,0,0,0,0,1059
127,Winter,1508,102306,27650,QUEENS,150,0,0,0,1,0,0,0,1,0,150
128,Winter,1520,59190,99964,BROOKLYN,4127,0,0,0,1,0,1,0,0,0,4127
129,Winter,1520,66173,37461,QUEENS,1496,0,0,0,1,0,0,0,1,0,1496
130,Winter,1521,57849,24405,QUEENS,1195,0,0,0,1,0,0,0,1,0,1195
131,Winter,1529,56674,33750,QUEENS,1680,0,0,0,1,0,0,0,1,0,1680
132,Winter,1531,62775,38861,QUEENS,2224,0,0,0,1,0,0,0,1,0,2224
133,Winter,1532,70490,28247,BROOKLYN,3,0,0,0,1,0,1,0,0,0,3
134,Winter,1532,70490,28247,QUEENS,1376,0,0,0,1,0,0,0,1,0,1376
135,Winter,1538,80758,42699,QUEENS,1705,0,0,0,1,0,0,0,1,0,1705
136,Winter,1545,53293,34445,QUEENS,989,0,0,0,1,0,0,0,1,0,989
137,Winter,1554,60788,59799,MANHATTAN,3788,0,0,0,1,0,0,1,0,0,3788
138,Winter,1554,77487,19991,QUEENS,560,0,0,0,1,0,0,0,1,0,560
139,Winter,1560,75757,53992,BROOKLYN,4400,0,0,0,1,0,1,0,0,0,4400
140,Winter,1574,62841,37297,QUEENS,1937,0,0,0,1,0,0,0,1,0,1937
141,Winter,1581,85436,33408,QUEENS,1092,0,0,0,1,0,0,0,1,0,1092
142,Winter,1600,72982,71159,QUEENS,3146,0,0,0,1,0,0,0,1,0,3146
143,Winter,1621,74255,39259,QUEENS,1403,0,0,0,1,0,0,0,1,0,1403
144,Winter,1623,70408,35068,QUEENS,1100,0,0,0,1,0,0,0,1,0,1100
145,Winter,1631,78223,14042,QUEENS,1084,0,0,0,1,0,0,0,1,0,1084
146,Winter,1662,81846,29322,QUEENS,1171,0,0,0,1,0,0,0,1,0,1171
147,Winter,1663,104167,28211,MANHATTAN,1908,0,0,0,1,0,0,1,0,0,1908
148,Winter,1666,84223,36302,BROOKLYN,1853,0,0,0,1,0,1,0,0,0,1853
149,Winter,1716,82827,18198,QUEENS,599,0,0,0,1,0,0,0,1,0,599
150,Winter,1777,90443,7577,QUEENS,425,0,0,0,1,0,0,0,1,0,425
151,Winter,1781,73391,35695,BROOKLYN,2546,0,0,0,1,0,1,0,0,0,2546
152,Winter,1791,94970,38670,BROOKLYN,2687,0,0,0,1,0,1,0,0,0,2687
153,Winter,1853,150688,12560,BRONX,5,0,0,0,1,1,0,0,0,0,5
154,Winter,1947,118594,58516,MANHATTAN,2637,0,0,0,1,0,0,1,0,0,2637
155,Winter,1949,82982,19309,QUEENS,521,0,0,0,1,0,0,0,1,0,521
156,Winter,1961,115681,45261,MANHATTAN,1377,0,0,0,1,0,0,1,0,0,1377
157,Winter,2000,108178,69965,BROOKLYN,3478,0,0,0,1,0,1,0,0,0,3478
158,Winter,2029,114134,50404,MANHATTAN,2703,0,0,0,1,0,0,1,0,0,2703
159,Winter,2037,114481,23353,MANHATTAN,823,0,0,0,1,0,0,1,0,0,823
160,Winter,2053,83812,25987,MANHATTAN,2596,0,0,0,1,0,0,1,0,0,2596
161,Winter,2056,103817,63006,MANHATTAN,2133,0,0,0,1,0,0,1,0,0,2133
162,Winter,2103,109472,60061,BROOKLYN,2751,0,0,0,1,0,1,0,0,0,2751
163,Winter,2114,85168,23332,MANHATTAN,2533,0,0,0,1,0,0,1,0,0,2533
164,Winter,2117,100791,56767,MANHATTAN,3178,0,0,0,1,0,0,1,0,0,3178
165,Winter,2128,101815,24536,MANHATTAN,2196,0,0,0,1,0,0,1,0,0,2196
166,Winter,2181,86483,11731,MANHATTAN,72,0,0,0,1,0,0,1,0,0,72
167,Winter,2185,82910,22300,MANHATTAN,1091,0,0,0,1,0,0,1,0,0,1091
168,Winter,2187,111302,48205,MANHATTAN,1685,0,0,0,1,0,0,1,0,0,1685
169,Winter,2211,94477,39505,MANHATTAN,3385,0,0,0,1,0,0,1,0,0,3385
170,Winter,2214,106795,16533,MANHATTAN,978,0,0,0,1,0,0,1,0,0,978
171,Winter,2251,118310,30001,MANHATTAN,1229,0,0,0,1,0,0,1,0,0,1229
172,Winter,2256,115080,60307,MANHATTAN,1849,0,0,0,1,0,0,1,0,0,1849
173,Winter,2298,63368,1926,QUEENS,9,0,0,0,1,0,0,0,1,0,9
174,Winter,2337,119026,31464,MANHATTAN,2071,0,0,0,1,0,0,1,0,0,2071
175,Winter,2386,123693,30262,MANHATTAN,1545,0,0,0,1,0,0,1,0,0,1545
176,Winter,2440,102703,50444,MANHATTAN,2368,0,0,0,1,0,0,1,0,0,2368
177,Winter,2442,110142,32854,MANHATTAN,1353,0,0,0,1,0,0,1,0,0,1353
178,Winter,2735,178822,1253,MANHATTAN,6,0,0,0,1,0,0,1,0,0,6
179,Winter,2847,125364,3277,MANHATTAN,160,0,0,0,1,0,0,1,0,0,160
180,Winter,2849,105479,9684,MANHATTAN,915,0,0,0,1,0,0,1,0,0,915
181,Winter,2911,123056,3044,MANHATTAN,316,0,0,0,1,0,0,1,0,0,316
182,Winter,2936,146875,9845,MANHATTAN,97,0,0,0,1,0,0,1,0,0,97
183,Winter,2974,250000,5635,MANHATTAN,84,0,0,0,1,0,0,1,0,0,84
184,Winter,3000,133070,4964,QUEENS,45,0,0,0,1,0,0,0,1,0,45
185,Winter,3005,130116,8710,MANHATTAN,373,0,0,0,1,0,0,1,0,0,373
186,Winter,3064,155702,5231,MANHATTAN,40,0,0,0,1,0,0,1,0,0,40
187,Winter,3339,234958,6740,MANHATTAN,573,0,0,0,1,0,0,1,0,0,573
0,Spring,645,24610,12468,BROOKLYN,211,0,1,0,0,0,1,0,0,0,211
1,Spring,705,21553,38938,BRONX,1576,0,1,0,0,1,0,0,0,0,1576
2,Spring,744,31371,43444,BROOKLYN,1368,0,1,0,0,0,1,0,0,0,1368
3,Spring,758,26893,34187,MANHATTAN,1965,0,1,0,0,0,0,1,0,0,1965
4,Spring,851,23962,42779,BRONX,2122,0,1,0,0,1,0,0,0,0,2122
5,Spring,867,42333,19403,QUEENS,709,0,1,0,0,0,0,0,1,0,709
6,Spring,882,32257,27471,MANHATTAN,1591,0,1,0,0,0,0,1,0,0,1591
7,Spring,893,36686,61818,BRONX,2059,0,1,0,0,1,0,0,0,0,2059
8,Spring,911,32500,79411,MANHATTAN,3581,0,1,0,0,0,0,1,0,0,3581
9,Spring,917,33720,30358,MANHATTAN,2193,0,1,0,0,0,0,1,0,0,2193
10,Spring,919,35594,78096,MANHATTAN,4107,0,1,0,0,0,0,1,0,0,4107
11,Spring,924,53829,12021,QUEENS,628,0,1,0,0,0,0,0,1,0,628
12,Spring,941,24805,47972,BRONX,2980,0,1,0,0,1,0,0,0,0,2980
13,Spring,942,31549,86486,BROOKLYN,4019,0,1,0,0,0,1,0,0,0,4019
14,Spring,948,25868,92712,BRONX,5219,0,1,0,0,1,0,0,0,0,5219
15,Spring,954,46340,44749,BRONX,785,0,1,0,0,1,0,0,0,0,785
16,Spring,956,28495,86469,BROOKLYN,4173,0,1,0,0,0,1,0,0,0,4173
17,Spring,964,24086,60266,BRONX,3518,0,1,0,0,1,0,0,0,0,3518
18,Spring,965,26419,48289,BRONX,3233,0,1,0,0,1,0,0,0,0,3233
19,Spring,972,55198,24562,STATEN ISLAND,1118,0,1,0,0,0,0,0,0,1,1118
20,Spring,1045,52082,38540,MANHATTAN,2151,0,1,0,0,0,0,1,0,0,2151
21,Spring,1057,22914,80516,BRONX,6118,0,1,0,0,1,0,0,0,0,6118
22,Spring,1063,42754,64120,MANHATTAN,3900,0,1,0,0,0,0,1,0,0,3900
23,Spring,1065,25771,75288,BRONX,4907,0,1,0,0,1,0,0,0,0,4907
24,Spring,1068,39463,20112,MANHATTAN,976,0,1,0,0,0,0,1,0,0,976
25,Spring,1072,53843,42054,STATEN ISLAND,2183,0,1,0,0,0,0,0,0,1,2183
26,Spring,1079,35849,93251,BROOKLYN,5839,0,1,0,0,0,1,0,0,0,5839
27,Spring,1079,35849,93251,QUEENS,2,0,1,0,0,0,0,0,1,0,2
28,Spring,1083,25967,74010,BRONX,5140,0,1,0,0,1,0,0,0,0,5140
29,Spring,1086,69201,24250,STATEN ISLAND,1506,0,1,0,0,0,0,0,0,1,1506
30,Spring,1089,41190,64946,QUEENS,2491,0,1,0,0,0,0,0,1,0,2491
31,Spring,1094,26901,12793,BRONX,1202,0,1,0,0,1,0,0,0,0,1202
32,Spring,1100,29934,68972,BRONX,5115,0,1,0,0,1,0,0,0,0,5115
33,Spring,1114,35686,72159,BROOKLYN,4366,0,1,0,0,0,1,0,0,0,4366
34,Spring,1131,37556,65434,BROOKLYN,4183,0,1,0,0,0,1,0,0,0,4183
35,Spring,1131,40054,63189,MANHATTAN,4560,0,1,0,0,0,0,1,0,0,4560
36,Spring,1134,45820,34703,QUEENS,1965,0,1,0,0,0,0,0,1,0,1965
37,Spring,1138,57454,66279,QUEENS,2429,0,1,0,0,0,0,0,1,0,2429
38,Spring,1143,30339,81698,BRONX,6106,0,1,0,0,1,0,0,0,0,6106
39,Spring,1160,34964,103045,BRONX,6626,0,1,0,0,1,0,0,0,0,6626
40,Spring,1165,44354,71645,BRONX,3838,0,1,0,0,1,0,0,0,0,3838
41,Spring,1167,34988,75537,BRONX,5275,0,1,0,0,1,0,0,0,0,5275
42,Spring,1171,37640,95715,BROOKLYN,4990,0,1,0,0,0,1,0,0,0,4990
43,Spring,1171,37640,95715,QUEENS,15,0,1,0,0,0,0,0,1,0,15
44,Spring,1174,41848,60778,MANHATTAN,6019,0,1,0,0,0,0,1,0,0,6019
45,Spring,1175,77278,15275,STATEN ISLAND,450,0,1,0,0,0,0,0,0,1,450
46,Spring,1185,88567,60951,STATEN ISLAND,2579,0,1,0,0,0,0,0,0,1,2579
47,Spring,1186,55700,39519,STATEN ISLAND,2671,0,1,0,0,0,0,0,0,1,2671
48,Spring,1195,74063,41533,STATEN ISLAND,1856,0,1,0,0,0,0,0,0,1,1856
49,Spring,1198,55864,17758,STATEN ISLAND,1104,0,1,0,0,0,0,0,0,1,1104
50,Spring,1205,55187,82914,BROOKLYN,3535,0,1,0,0,0,1,0,0,0,3535
51,Spring,1207,45578,78237,BROOKLYN,4152,0,1,0,0,0,1,0,0,0,4152
52,Spring,1208,46971,75920,BROOKLYN,4001,0,1,0,0,0,1,0,0,0,4001
53,Spring,1211,44647,79730,BROOKLYN,3518,0,1,0,0,0,1,0,0,0,3518
54,Spring,1220,52239,55816,BROOKLYN,4673,0,1,0,0,0,1,0,0,0,4673
55,Spring,1223,59520,68435,BROOKLYN,3341,0,1,0,0,0,1,0,0,0,3341
56,Spring,1226,48315,78725,BRONX,4083,0,1,0,0,1,0,0,0,0,4083
57,Spring,1229,47437,44818,BROOKLYN,3475,0,1,0,0,0,1,0,0,0,3475
58,Spring,1232,45643,43951,MANHATTAN,4482,0,1,0,0,0,0,1,0,0,4482
59,Spring,1232,78745,55031,STATEN ISLAND,2395,0,1,0,0,0,0,0,0,1,2395
60,Spring,1235,45811,45033,MANHATTAN,4556,0,1,0,0,0,0,1,0,0,4556
61,Spring,1236,56568,71657,BRONX,3609,0,1,0,0,1,0,0,0,0,3609
62,Spring,1236,56568,71657,MANHATTAN,224,0,1,0,0,0,0,1,0,0,224
63,Spring,1242,45031,101787,BROOKLYN,7897,0,1,0,0,0,1,0,0,0,7897
64,Spring,1246,52119,91728,BROOKLYN,3473,0,1,0,0,0,1,0,0,0,3473
65,Spring,1250,79145,21219,QUEENS,1071,0,1,0,0,0,0,0,1,0,1071
66,Spring,1251,76917,4300,BRONX,376,0,1,0,0,1,0,0,0,0,376
67,Spring,1254,43361,84034,BROOKLYN,5214,0,1,0,0,0,1,0,0,0,5214
68,Spring,1261,47135,79332,BROOKLYN,3277,0,1,0,0,0,1,0,0,0,3277
69,Spring,1261,48597,60323,BROOKLYN,4442,0,1,0,0,0,1,0,0,0,4442
70,Spring,1262,40576,101006,BROOKLYN,4503,0,1,0,0,0,1,0,0,0,4503
71,Spring,1274,77761,88585,STATEN ISLAND,3264,0,1,0,0,0,0,0,0,1,3264
72,Spring,1275,43344,88933,BROOKLYN,4416,0,1,0,0,0,1,0,0,0,4416
73,Spring,1277,73068,44950,BRONX,1832,0,1,0,0,1,0,0,0,0,1832
74,Spring,1293,57124,71664,BRONX,2852,0,1,0,0,1,0,0,0,0,2852
75,Spring,1294,46349,59353,MANHATTAN,3874,0,1,0,0,0,0,1,0,0,3874
76,Spring,1295,36573,96287,BROOKLYN,3171,0,1,0,0,0,1,0,0,0,3171
77,Spring,1299,65494,22941,QUEENS,935,0,1,0,0,0,0,0,1,0,935
78,Spring,1301,55332,50255,BRONX,3213,0,1,0,0,1,0,0,0,0,3213
79,Spring,1303,58839,14574,BRONX,1400,0,1,0,0,1,0,0,0,0,1400
80,Spring,1305,60885,100049,BROOKLYN,3713,0,1,0,0,0,1,0,0,0,3713
81,Spring,1307,38451,82028,QUEENS,2791,0,1,0,0,0,0,0,1,0,2791
82,Spring,1308,66070,31823,QUEENS,1430,0,1,0,0,0,0,0,1,0,1430
83,Spring,1314,57310,42663,QUEENS,1438,0,1,0,0,0,0,0,1,0,1438
84,Spring,1322,51964,26505,QUEENS,3505,0,1,0,0,0,0,0,1,0,3505
85,Spring,1333,71995,37802,QUEENS,1582,0,1,0,0,0,0,0,1,0,1582
86,Spring,1336,75362,95546,BROOKLYN,4622,0,1,0,0,0,1,0,0,0,4622
87,Spring,1337,60526,103372,BROOKLYN,2,0,1,0,0,0,1,0,0,0,2
88,Spring,1337,60526,103372,QUEENS,5656,0,1,0,0,0,0,0,1,0,5656
89,Spring,1339,93248,33459,STATEN ISLAND,1444,0,1,0,0,0,0,0,0,1,1444
90,Spring,1344,63641,46164,BROOKLYN,1543,0,1,0,0,0,1,0,0,0,1543
91,Spring,1347,52792,64109,QUEENS,2322,0,1,0,0,0,0,0,1,0,2322
92,Spring,1353,55268,57627,QUEENS,2452,0,1,0,0,0,0,0,1,0,2452
93,Spring,1356,52277,64686,QUEENS,2527,0,1,0,0,0,0,0,1,0,2527
94,Spring,1357,46351,53678,BROOKLYN,3652,0,1,0,0,0,1,0,0,0,3652
95,Spring,1357,46351,53678,QUEENS,41,0,1,0,0,0,0,0,1,0,41
96,Spring,1357,47785,29387,BROOKLYN,1765,0,1,0,0,0,1,0,0,0,1765
97,Spring,1365,87493,30347,STATEN ISLAND,1177,0,1,0,0,0,0,0,0,1,1177
98,Spring,1371,77037,26739,QUEENS,1004,0,1,0,0,0,0,0,1,0,1004
99,Spring,1384,59092,27144,QUEENS,1515,0,1,0,0,0,0,0,1,0,1515
100,Spring,1386,45677,96616,QUEENS,3526,0,1,0,0,0,0,0,1,0,3526
101,Spring,1389,55550,43158,QUEENS,1745,0,1,0,0,0,0,0,1,0,1745
102,Spring,1389,66978,31742,QUEENS,1929,0,1,0,0,0,0,0,1,0,1929
103,Spring,1391,51864,37823,QUEENS,1750,0,1,0,0,0,0,0,1,0,1750
104,Spring,1395,43660,58551,QUEENS,2241,0,1,0,0,0,0,0,1,0,2241
105,Spring,1395,63079,39908,QUEENS,2067,0,1,0,0,0,0,0,1,0,2067
106,Spring,1400,75320,36082,QUEENS,1569,0,1,0,0,0,0,0,1,0,1569
107,Spring,1401,61484,50549,QUEENS,2634,0,1,0,0,0,0,0,1,0,2634
108,Spring,1401,68675,19736,QUEENS,908,0,1,0,0,0,0,0,1,0,908
109,Spring,1402,65181,67822,BROOKLYN,3809,0,1,0,0,0,1,0,0,0,3809
110,Spring,1412,51675,90883,QUEENS,3607,0,1,0,0,0,0,0,1,0,3607
111,Spring,1412,91226,14722,QUEENS,430,0,1,0,0,0,0,0,1,0,430
112,Spring,1419,62014,51642,QUEENS,2554,0,1,0,0,0,0,0,1,0,2554
113,Spring,1432,64055,19308,QUEENS,1218,0,1,0,0,0,0,0,1,0,1218
114,Spring,1438,60821,74831,BROOKLYN,3756,0,1,0,0,0,1,0,0,0,3756
115,Spring,1438,81678,19300,QUEENS,803,0,1,0,0,0,0,0,1,0,803
116,Spring,1440,62509,44617,QUEENS,1425,0,1,0,0,0,0,0,1,0,1425
117,Spring,1447,57155,26102,QUEENS,1148,0,1,0,0,0,0,0,1,0,1148
118,Spring,1447,61631,33270,QUEENS,2296,0,1,0,0,0,0,0,1,0,2296
119,Spring,1449,64544,43341,BROOKLYN,1,0,1,0,0,0,1,0,0,0,1
120,Spring,1449,64544,43341,QUEENS,2263,0,1,0,0,0,0,0,1,0,2263
121,Spring,1450,66837,20136,QUEENS,946,0,1,0,0,0,0,0,1,0,946
122,Spring,1450,80025,94717,MANHATTAN,4468,0,1,0,0,0,0,1,0,0,4468
123,Spring,1462,56442,39409,QUEENS,2132,0,1,0,0,0,0,0,1,0,2132
124,Spring,1464,45980,112982,QUEENS,4052,0,1,0,0,0,0,0,1,0,4052
125,Spring,1486,111035,41381,QUEENS,87,0,1,0,0,0,0,0,1,0,87
126,Spring,1504,81594,21601,BRONX,1069,0,1,0,0,1,0,0,0,0,1069
127,Spring,1508,102306,27650,QUEENS,169,0,1,0,0,0,0,0,1,0,169
128,Spring,1520,59190,99964,BROOKLYN,4518,0,1,0,0,0,1,0,0,0,4518
129,Spring,1520,66173,37461,QUEENS,1667,0,1,0,0,0,0,0,1,0,1667
130,Spring,1521,57849,24405,QUEENS,1422,0,1,0,0,0,0,0,1,0,1422
131,Spring,1529,56674,33750,QUEENS,1831,0,1,0,0,0,0,0,1,0,1831
132,Spring,1531,62775,38861,QUEENS,2135,0,1,0,0,0,0,0,1,0,2135
133,Spring,1532,70490,28247,BROOKLYN,8,0,1,0,0,0,1,0,0,0,8
134,Spring,1532,70490,28247,QUEENS,1452,0,1,0,0,0,0,0,1,0,1452
135,Spring,1538,80758,42699,QUEENS,1503,0,1,0,0,0,0,0,1,0,1503
136,Spring,1545,53293,34445,QUEENS,1036,0,1,0,0,0,0,0,1,0,1036
137,Spring,1554,60788,59799,MANHATTAN,3572,0,1,0,0,0,0,1,0,0,3572
138,Spring,1554,77487,19991,QUEENS,576,0,1,0,0,0,0,0,1,0,576
139,Spring,1560,75757,53992,BROOKLYN,4204,0,1,0,0,0,1,0,0,0,4204
140,Spring,1574,62841,37297,QUEENS,1662,0,1,0,0,0,0,0,1,0,1662
141,Spring,1581,85436,33408,QUEENS,1142,0,1,0,0,0,0,0,1,0,1142
142,Spring,1600,72982,71159,QUEENS,2698,0,1,0,0,0,0,0,1,0,2698
143,Spring,1621,74255,39259,QUEENS,1451,0,1,0,0,0,0,0,1,0,1451
144,Spring,1623,70408,35068,QUEENS,1071,0,1,0,0,0,0,0,1,0,1071
145,Spring,1631,78223,14042,QUEENS,1277,0,1,0,0,0,0,0,1,0,1277
146,Spring,1662,81846,29322,QUEENS,1259,0,1,0,0,0,0,0,1,0,1259
147,Spring,1663,104167,28211,MANHATTAN,2528,0,1,0,0,0,0,1,0,0,2528
148,Spring,1666,84223,36302,BROOKLYN,1837,0,1,0,0,0,1,0,0,0,1837
149,Spring,1716,82827,18198,QUEENS,748,0,1,0,0,0,0,0,1,0,748
150,Spring,1777,90443,7577,QUEENS,434,0,1,0,0,0,0,0,1,0,434
151,Spring,1781,73391,35695,BROOKLYN,2976,0,1,0,0,0,1,0,0,0,2976
152,Spring,1791,94970,38670,BROOKLYN,3113,0,1,0,0,0,1,0,0,0,3113
153,Spring,1853,150688,12560,BRONX,12,0,1,0,0,1,0,0,0,0,12
154,Spring,1947,118594,58516,MANHATTAN,2401,0,1,0,0,0,0,1,0,0,2401
155,Spring,1949,82982,19309,QUEENS,508,0,1,0,0,0,0,0,1,0,508
156,Spring,1961,115681,45261,MANHATTAN,1702,0,1,0,0,0,0,1,0,0,1702
157,Spring,2000,108178,69965,BROOKLYN,3585,0,1,0,0,0,1,0,0,0,3585
158,Spring,2029,114134,50404,MANHATTAN,2809,0,1,0,0,0,0,1,0,0,2809
159,Spring,2037,114481,23353,MANHATTAN,972,0,1,0,0,0,0,1,0,0,972
160,Spring,2053,83812,25987,MANHATTAN,3150,0,1,0,0,0,0,1,0,0,3150
161,Spring,2056,103817,63006,MANHATTAN,1970,0,1,0,0,0,0,1,0,0,1970
162,Spring,2103,109472,60061,BROOKLYN,3227,0,1,0,0,0,1,0,0,0,3227
163,Spring,2114,85168,23332,MANHATTAN,2578,0,1,0,0,0,0,1,0,0,2578
164,Spring,2117,100791,56767,MANHATTAN,3909,0,1,0,0,0,0,1,0,0,3909
165,Spring,2128,101815,24536,MANHATTAN,1934,0,1,0,0,0,0,1,0,0,1934
166,Spring,2181,86483,11731,MANHATTAN,56,0,1,0,0,0,0,1,0,0,56
167,Spring,2185,82910,22300,MANHATTAN,1374,0,1,0,0,0,0,1,0,0,1374
168,Spring,2187,111302,48205,MANHATTAN,1900,0,1,0,0,0,0,1,0,0,1900
169,Spring,2211,94477,39505,MANHATTAN,3636,0,1,0,0,0,0,1,0,0,3636
170,Spring,2214,106795,16533,MANHATTAN,1252,0,1,0,0,0,0,1,0,0,1252
171,Spring,2251,118310,30001,MANHATTAN,1604,0,1,0,0,0,0,1,0,0,1604
172,Spring,2256,115080,60307,MANHATTAN,2050,0,1,0,0,0,0,1,0,0,2050
173,Spring,2298,63368,1926,QUEENS,10,0,1,0,0,0,0,0,1,0,10
174,Spring,2337,119026,31464,MANHATTAN,2265,0,1,0,0,0,0,1,0,0,2265
175,Spring,2386,123693,30262,MANHATTAN,1586,0,1,0,0,0,0,1,0,0,1586
176,Spring,2440,102703,50444,MANHATTAN,2931,0,1,0,0,0,0,1,0,0,2931
177,Spring,2442,110142,32854,MANHATTAN,1633,0,1,0,0,0,0,1,0,0,1633
178,Spring,2735,178822,1253,MANHATTAN,9,0,1,0,0,0,0,1,0,0,9
179,Spring,2847,125364,3277,MANHATTAN,439,0,1,0,0,0,0,1,0,0,439
180,Spring,2849,105479,9684,MANHATTAN,973,0,1,0,0,0,0,1,0,0,973
181,Spring,2911,123056,3044,MANHATTAN,468,0,1,0,0,0,0,1,0,0,468
182,Spring,2936,146875,9845,MANHATTAN,106,0,1,0,0,0,0,1,0,0,106
183,Spring,2974,250000,5635,MANHATTAN,39,0,1,0,0,0,0,1,0,0,39
184,Spring,3000,133070,4964,QUEENS,48,0,1,0,0,0,0,0,1,0,48
185,Spring,3005,130116,8710,MANHATTAN,608,0,1,0,0,0,0,1,0,0,608
186,Spring,3064,155702,5231,MANHATTAN,63,0,1,0,0,0,0,1,0,0,63
187,Spring,3339,234958,6740,MANHATTAN,836,0,1,0,0,0,0,1,0,0,836
0,Summer,645,24610,12468,BROOKLYN,226,0,0,1,0,0,1,0,0,0,226
1,Summer,705,21553,38938,BRONX,1965,0,0,1,0,1,0,0,0,0,1965
2,Summer,744,31371,43444,BROOKLYN,1575,0,0,1,0,0,1,0,0,0,1575
3,Summer,758,26893,34187,MANHATTAN,2520,0,0,1,0,0,0,1,0,0,2520
4,Summer,851,23962,42779,BRONX,2428,0,0,1,0,1,0,0,0,0,2428
5,Summer,867,42333,19403,QUEENS,878,0,0,1,0,0,0,0,1,0,878
6,Summer,882,32257,27471,MANHATTAN,1794,0,0,1,0,0,0,1,0,0,1794
7,Summer,893,36686,61818,BRONX,2461,0,0,1,0,1,0,0,0,0,2461
8,Summer,911,32500,79411,MANHATTAN,3329,0,0,1,0,0,0,1,0,0,3329
9,Summer,917,33720,30358,MANHATTAN,2363,0,0,1,0,0,0,1,0,0,2363
10,Summer,919,35594,78096,MANHATTAN,3718,0,0,1,0,0,0,1,0,0,3718
11,Summer,924,53829,12021,QUEENS,694,0,0,1,0,0,0,0,1,0,694
12,Summer,941,24805,47972,BRONX,3302,0,0,1,0,1,0,0,0,0,3302
13,Summer,942,31549,86486,BROOKLYN,4625,0,0,1,0,0,1,0,0,0,4625
14,Summer,948,25868,92712,BRONX,5886,0,0,1,0,1,0,0,0,0,5886
15,Summer,954,46340,44749,BRONX,748,0,0,1,0,1,0,0,0,0,748
16,Summer,956,28495,86469,BROOKLYN,4413,0,0,1,0,0,1,0,0,0,4413
17,Summer,964,24086,60266,BRONX,3959,0,0,1,0,1,0,0,0,0,3959
18,Summer,965,26419,48289,BRONX,2492,0,0,1,0,1,0,0,0,0,2492
19,Summer,972,55198,24562,STATEN ISLAND,1433,0,0,1,0,0,0,0,0,1,1433
20,Summer,1045,52082,38540,MANHATTAN,2260,0,0,1,0,0,0,1,0,0,2260
21,Summer,1057,22914,80516,BRONX,6268,0,0,1,0,1,0,0,0,0,6268
22,Summer,1063,42754,64120,MANHATTAN,3878,0,0,1,0,0,0,1,0,0,3878
23,Summer,1065,25771,75288,BRONX,6203,0,0,1,0,1,0,0,0,0,6203
24,Summer,1068,39463,20112,MANHATTAN,917,0,0,1,0,0,0,1,0,0,917
25,Summer,1072,53843,42054,STATEN ISLAND,2214,0,0,1,0,0,0,0,0,1,2214
26,Summer,1079,35849,93251,BROOKLYN,6457,0,0,1,0,0,1,0,0,0,6457
27,Summer,1079,35849,93251,QUEENS,4,0,0,1,0,0,0,0,1,0,4
28,Summer,1083,25967,74010,BRONX,5678,0,0,1,0,1,0,0,0,0,5678
29,Summer,1086,69201,24250,STATEN ISLAND,1356,0,0,1,0,0,0,0,0,1,1356
30,Summer,1089,41190,64946,QUEENS,2596,0,0,1,0,0,0,0,1,0,2596
31,Summer,1094,26901,12793,BRONX,1661,0,0,1,0,1,0,0,0,0,1661
32,Summer,1100,29934,68972,BRONX,4804,0,0,1,0,1,0,0,0,0,4804
33,Summer,1114,35686,72159,BROOKLYN,4823,0,0,1,0,0,1,0,0,0,4823
34,Summer,1131,37556,65434,BROOKLYN,4533,0,0,1,0,0,1,0,0,0,4533
35,Summer,1131,40054,63189,MANHATTAN,4426,0,0,1,0,0,0,1,0,0,4426
36,Summer,1134,45820,34703,QUEENS,2358,0,0,1,0,0,0,0,1,0,2358
37,Summer,1138,57454,66279,QUEENS,3067,0,0,1,0,0,0,0,1,0,3067
38,Summer,1143,30339,81698,BRONX,5540,0,0,1,0,1,0,0,0,0,5540
39,Summer,1160,34964,103045,BRONX,6578,0,0,1,0,1,0,0,0,0,6578
40,Summer,1165,44354,71645,BRONX,4336,0,0,1,0,1,0,0,0,0,4336
41,Summer,1167,34988,75537,BRONX,5957,0,0,1,0,1,0,0,0,0,5957
42,Summer,1171,37640,95715,BROOKLYN,6206,0,0,1,0,0,1,0,0,0,6206
43,Summer,1171,37640,95715,QUEENS,32,0,0,1,0,0,0,0,1,0,32
44,Summer,1174,41848,60778,MANHATTAN,6105,0,0,1,0,0,0,1,0,0,6105
45,Summer,1175,77278,15275,STATEN ISLAND,484,0,0,1,0,0,0,0,0,1,484
46,Summer,1185,88567,60951,STATEN ISLAND,2249,0,0,1,0,0,0,0,0,1,2249
47,Summer,1186,55700,39519,STATEN ISLAND,2600,0,0,1,0,0,0,0,0,1,2600
48,Summer,1195,74063,41533,STATEN ISLAND,1932,0,0,1,0,0,0,0,0,1,1932
49,Summer,1198,55864,17758,STATEN ISLAND,1127,0,0,1,0,0,0,0,0,1,1127
50,Summer,1205,55187,82914,BROOKLYN,3127,0,0,1,0,0,1,0,0,0,3127
51,Summer,1207,45578,78237,BROOKLYN,3629,0,0,1,0,0,1,0,0,0,3629
52,Summer,1208,46971,75920,BROOKLYN,5013,0,0,1,0,0,1,0,0,0,5013
53,Summer,1211,44647,79730,BROOKLYN,3226,0,0,1,0,0,1,0,0,0,3226
54,Summer,1220,52239,55816,BROOKLYN,5271,0,0,1,0,0,1,0,0,0,5271
55,Summer,1223,59520,68435,BROOKLYN,3603,0,0,1,0,0,1,0,0,0,3603
56,Summer,1226,48315,78725,BRONX,3991,0,0,1,0,1,0,0,0,0,3991
57,Summer,1229,47437,44818,BROOKLYN,4117,0,0,1,0,0,1,0,0,0,4117
58,Summer,1232,45643,43951,MANHATTAN,4185,0,0,1,0,0,0,1,0,0,4185
59,Summer,1232,78745,55031,STATEN ISLAND,2275,0,0,1,0,0,0,0,0,1,2275
60,Summer,1235,45811,45033,MANHATTAN,4325,0,0,1,0,0,0,1,0,0,4325
61,Summer,1236,56568,71657,BRONX,3217,0,0,1,0,1,0,0,0,0,3217
62,Summer,1236,56568,71657,MANHATTAN,417,0,0,1,0,0,0,1,0,0,417
63,Summer,1242,45031,101787,BROOKLYN,7873,0,0,1,0,0,1,0,0,0,7873
64,Summer,1246,52119,91728,BROOKLYN,3611,0,0,1,0,0,1,0,0,0,3611
65,Summer,1250,79145,21219,QUEENS,1312,0,0,1,0,0,0,0,1,0,1312
66,Summer,1251,76917,4300,BRONX,533,0,0,1,0,1,0,0,0,0,533
67,Summer,1254,43361,84034,BROOKLYN,5900,0,0,1,0,0,1,0,0,0,5900
68,Summer,1261,47135,79332,BROOKLYN,2944,0,0,1,0,0,1,0,0,0,2944
69,Summer,1261,48597,60323,BROOKLYN,4403,0,0,1,0,0,1,0,0,0,4403
70,Summer,1262,40576,101006,BROOKLYN,4551,0,0,1,0,0,1,0,0,0,4551
71,Summer,1274,77761,88585,STATEN ISLAND,3940,0,0,1,0,0,0,0,0,1,3940
72,Summer,1275,43344,88933,BROOKLYN,3816,0,0,1,0,0,1,0,0,0,3816
73,Summer,1277,73068,44950,BRONX,2535,0,0,1,0,1,0,0,0,0,2535
74,Summer,1293,57124,71664,BRONX,3216,0,0,1,0,1,0,0,0,0,3216
75,Summer,1294,46349,59353,MANHATTAN,3851,0,0,1,0,0,0,1,0,0,3851
76,Summer,1295,36573,96287,BROOKLYN,2880,0,0,1,0,0,1,0,0,0,2880
77,Summer,1299,65494,22941,QUEENS,936,0,0,1,0,0,0,0,1,0,936
78,Summer,1301,55332,50255,BRONX,2913,0,0,1,0,1,0,0,0,0,2913
79,Summer,1303,58839,14574,BRONX,1244,0,0,1,0,1,0,0,0,0,1244
80,Summer,1305,60885,100049,BROOKLYN,4700,0,0,1,0,0,1,0,0,0,4700
81,Summer,1307,38451,82028,QUEENS,2729,0,0,1,0,0,0,0,1,0,2729
82,Summer,1308,66070,31823,QUEENS,1610,0,0,1,0,0,0,0,1,0,1610
83,Summer,1314,57310,42663,QUEENS,1245,0,0,1,0,0,0,0,1,0,1245
84,Summer,1322,51964,26505,QUEENS,3318,0,0,1,0,0,0,0,1,0,3318
85,Summer,1333,71995,37802,QUEENS,1856,0,0,1,0,0,0,0,1,0,1856
86,Summer,1336,75362,95546,BROOKLYN,5127,0,0,1,0,0,1,0,0,0,5127
87,Summer,1337,60526,103372,BROOKLYN,6,0,0,1,0,0,1,0,0,0,6
88,Summer,1337,60526,103372,QUEENS,5916,0,0,1,0,0,0,0,1,0,5916
89,Summer,1339,93248,33459,STATEN ISLAND,1175,0,0,1,0,0,0,0,0,1,1175
90,Summer,1344,63641,46164,BROOKLYN,1823,0,0,1,0,0,1,0,0,0,1823
91,Summer,1347,52792,64109,QUEENS,2142,0,0,1,0,0,0,0,1,0,2142
92,Summer,1353,55268,57627,QUEENS,2610,0,0,1,0,0,0,0,1,0,2610
93,Summer,1356,52277,64686,QUEENS,2295,0,0,1,0,0,0,0,1,0,2295
94,Summer,1357,46351,53678,BROOKLYN,4278,0,0,1,0,0,1,0,0,0,4278
95,Summer,1357,46351,53678,QUEENS,26,0,0,1,0,0,0,0,1,0,26
96,Summer,1357,47785,29387,BROOKLYN,1620,0,0,1,0,0,1,0,0,0,1620
97,Summer,1365,87493,30347,STATEN ISLAND,1304,0,0,1,0,0,0,0,0,1,1304
98,Summer,1371,77037,26739,QUEENS,965,0,0,1,0,0,0,0,1,0,965
99,Summer,1384,59092,27144,BROOKLYN,2,0,0,1,0,0,1,0,0,0,2
100,Summer,1384,59092,27144,QUEENS,1919,0,0,1,0,0,0,0,1,0,1919
101,Summer,1386,45677,96616,QUEENS,3132,0,0,1,0,0,0,0,1,0,3132
102,Summer,1389,55550,43158,QUEENS,1424,0,0,1,0,0,0,0,1,0,1424
103,Summer,1389,66978,31742,QUEENS,2340,0,0,1,0,0,0,0,1,0,2340
104,Summer,1391,51864,37823,QUEENS,2076,0,0,1,0,0,0,0,1,0,2076
105,Summer,1395,43660,58551,QUEENS,1933,0,0,1,0,0,0,0,1,0,1933
106,Summer,1395,63079,39908,QUEENS,2622,0,0,1,0,0,0,0,1,0,2622
107,Summer,1400,75320,36082,QUEENS,1585,0,0,1,0,0,0,0,1,0,1585
108,Summer,1401,61484,50549,QUEENS,3342,0,0,1,0,0,0,0,1,0,3342
109,Summer,1401,68675,19736,QUEENS,1022,0,0,1,0,0,0,0,1,0,1022
110,Summer,1402,65181,67822,BROOKLYN,3501,0,0,1,0,0,1,0,0,0,3501
111,Summer,1402,65181,67822,QUEENS,1,0,0,1,0,0,0,0,1,0,1
112,Summer,1412,51675,90883,QUEENS,3587,0,0,1,0,0,0,0,1,0,3587
113,Summer,1412,91226,14722,QUEENS,553,0,0,1,0,0,0,0,1,0,553
114,Summer,1419,62014,51642,QUEENS,3345,0,0,1,0,0,0,0,1,0,3345
115,Summer,1432,64055,19308,QUEENS,1143,0,0,1,0,0,0,0,1,0,1143
116,Summer,1438,60821,74831,BROOKLYN,3676,0,0,1,0,0,1,0,0,0,3676
117,Summer,1438,81678,19300,QUEENS,861,0,0,1,0,0,0,0,1,0,861
118,Summer,1440,62509,44617,QUEENS,1497,0,0,1,0,0,0,0,1,0,1497
119,Summer,1447,57155,26102,QUEENS,1108,0,0,1,0,0,0,0,1,0,1108
120,Summer,1447,61631,33270,QUEENS,2486,0,0,1,0,0,0,0,1,0,2486
121,Summer,1449,64544,43341,BROOKLYN,2,0,0,1,0,0,1,0,0,0,2
122,Summer,1449,64544,43341,QUEENS,2464,0,0,1,0,0,0,0,1,0,2464
123,Summer,1450,66837,20136,QUEENS,1289,0,0,1,0,0,0,0,1,0,1289
124,Summer,1450,80025,94717,MANHATTAN,3154,0,0,1,0,0,0,1,0,0,3154
125,Summer,1462,56442,39409,QUEENS,2120,0,0,1,0,0,0,0,1,0,2120
126,Summer,1464,45980,112982,QUEENS,4776,0,0,1,0,0,0,0,1,0,4776
127,Summer,1486,111035,41381,QUEENS,94,0,0,1,0,0,0,0,1,0,94
128,Summer,1504,81594,21601,BRONX,878,0,0,1,0,1,0,0,0,0,878
129,Summer,1508,102306,27650,QUEENS,196,0,0,1,0,0,0,0,1,0,196
130,Summer,1520,59190,99964,BROOKLYN,4002,0,0,1,0,0,1,0,0,0,4002
131,Summer,1520,66173,37461,QUEENS,1548,0,0,1,0,0,0,0,1,0,1548
132,Summer,1521,57849,24405,QUEENS,1426,0,0,1,0,0,0,0,1,0,1426
133,Summer,1529,56674,33750,QUEENS,1786,0,0,1,0,0,0,0,1,0,1786
134,Summer,1531,62775,38861,QUEENS,1838,0,0,1,0,0,0,0,1,0,1838
135,Summer,1532,70490,28247,BROOKLYN,3,0,0,1,0,0,1,0,0,0,3
136,Summer,1532,70490,28247,QUEENS,1528,0,0,1,0,0,0,0,1,0,1528
137,Summer,1538,80758,42699,QUEENS,1919,0,0,1,0,0,0,0,1,0,1919
138,Summer,1545,53293,34445,QUEENS,1145,0,0,1,0,0,0,0,1,0,1145
139,Summer,1554,60788,59799,MANHATTAN,2721,0,0,1,0,0,0,1,0,0,2721
140,Summer,1554,77487,19991,QUEENS,633,0,0,1,0,0,0,0,1,0,633
141,Summer,1560,75757,53992,BROOKLYN,4337,0,0,1,0,0,1,0,0,0,4337
142,Summer,1574,62841,37297,QUEENS,1703,0,0,1,0,0,0,0,1,0,1703
143,Summer,1581,85436,33408,QUEENS,1420,0,0,1,0,0,0,0,1,0,1420
144,Summer,1600,72982,71159,QUEENS,2608,0,0,1,0,0,0,0,1,0,2608
145,Summer,1621,74255,39259,QUEENS,1664,0,0,1,0,0,0,0,1,0,1664
146,Summer,1623,70408,35068,QUEENS,1017,0,0,1,0,0,0,0,1,0,1017
147,Summer,1631,78223,14042,QUEENS,1489,0,0,1,0,0,0,0,1,0,1489
148,Summer,1662,81846,29322,QUEENS,1121,0,0,1,0,0,0,0,1,0,1121
149,Summer,1663,104167,28211,MANHATTAN,1804,0,0,1,0,0,0,1,0,0,1804
150,Summer,1666,84223,36302,BROOKLYN,2088,0,0,1,0,0,1,0,0,0,2088
151,Summer,1716,82827,18198,QUEENS,630,0,0,1,0,0,0,0,1,0,630
152,Summer,1777,90443,7577,QUEENS,429,0,0,1,0,0,0,0,1,0,429
153,Summer,1781,73391,35695,BROOKLYN,2395,0,0,1,0,0,1,0,0,0,2395
154,Summer,1791,94970,38670,BROOKLYN,2787,0,0,1,0,0,1,0,0,0,2787
155,Summer,1853,150688,12560,BRONX,6,0,0,1,0,1,0,0,0,0,6
156,Summer,1947,118594,58516,MANHATTAN,1849,0,0,1,0,0,0,1,0,0,1849
157,Summer,1949,82982,19309,QUEENS,479,0,0,1,0,0,0,0,1,0,479
158,Summer,1961,115681,45261,MANHATTAN,1161,0,0,1,0,0,0,1,0,0,1161
159,Summer,2000,108178,69965,BROOKLYN,3452,0,0,1,0,0,1,0,0,0,3452
160,Summer,2029,114134,50404,MANHATTAN,2310,0,0,1,0,0,0,1,0,0,2310
161,Summer,2037,114481,23353,MANHATTAN,690,0,0,1,0,0,0,1,0,0,690
162,Summer,2053,83812,25987,MANHATTAN,2316,0,0,1,0,0,0,1,0,0,2316
163,Summer,2056,103817,63006,MANHATTAN,1422,0,0,1,0,0,0,1,0,0,1422
164,Summer,2103,109472,60061,BROOKLYN,3093,0,0,1,0,0,1,0,0,0,3093
165,Summer,2114,85168,23332,MANHATTAN,2199,0,0,1,0,0,0,1,0,0,2199
166,Summer,2117,100791,56767,MANHATTAN,2495,0,0,1,0,0,0,1,0,0,2495
167,Summer,2128,101815,24536,MANHATTAN,1601,0,0,1,0,0,0,1,0,0,1601
168,Summer,2181,86483,11731,MANHATTAN,77,0,0,1,0,0,0,1,0,0,77
169,Summer,2185,82910,22300,MANHATTAN,918,0,0,1,0,0,0,1,0,0,918
170,Summer,2187,111302,48205,MANHATTAN,1256,0,0,1,0,0,0,1,0,0,1256
171,Summer,2211,94477,39505,MANHATTAN,2541,0,0,1,0,0,0,1,0,0,2541
172,Summer,2214,106795,16533,MANHATTAN,809,0,0,1,0,0,0,1,0,0,809
173,Summer,2251,118310,30001,MANHATTAN,957,0,0,1,0,0,0,1,0,0,957
174,Summer,2256,115080,60307,MANHATTAN,1659,0,0,1,0,0,0,1,0,0,1659
175,Summer,2298,63368,1926,QUEENS,9,0,0,1,0,0,0,0,1,0,9
176,Summer,2337,119026,31464,MANHATTAN,1868,0,0,1,0,0,0,1,0,0,1868
177,Summer,2386,123693,30262,MANHATTAN,1338,0,0,1,0,0,0,1,0,0,1338
178,Summer,2440,102703,50444,MANHATTAN,2175,0,0,1,0,0,0,1,0,0,2175
179,Summer,2442,110142,32854,MANHATTAN,1021,0,0,1,0,0,0,1,0,0,1021
180,Summer,2735,178822,1253,MANHATTAN,4,0,0,1,0,0,0,1,0,0,4
181,Summer,2847,125364,3277,MANHATTAN,196,0,0,1,0,0,0,1,0,0,196
182,Summer,2849,105479,9684,MANHATTAN,904,0,0,1,0,0,0,1,0,0,904
183,Summer,2911,123056,3044,MANHATTAN,350,0,0,1,0,0,0,1,0,0,350
184,Summer,2936,146875,9845,MANHATTAN,98,0,0,1,0,0,0,1,0,0,98
185,Summer,2974,250000,5635,MANHATTAN,41,0,0,1,0,0,0,1,0,0,41
186,Summer,3000,133070,4964,QUEENS,31,0,0,1,0,0,0,0,1,0,31
187,Summer,3005,130116,8710,MANHATTAN,528,0,0,1,0,0,0,1,0,0,528
188,Summer,3064,155702,5231,MANHATTAN,60,0,0,1,0,0,0,1,0,0,60
189,Summer,3339,234958,6740,MANHATTAN,684,0,0,1,0,0,0,1,0,0,684
0,Fall,645,24610,12468,BROOKLYN,265,1,0,0,0,0,1,0,0,0,265
1,Fall,705,21553,38938,BRONX,2007,1,0,0,0,1,0,0,0,0,2007
2,Fall,744,31371,43444,BROOKLYN,1474,1,0,0,0,0,1,0,0,0,1474
3,Fall,758,26893,34187,MANHATTAN,2216,1,0,0,0,0,0,1,0,0,2216
4,Fall,851,23962,42779,BRONX,2328,1,0,0,0,1,0,0,0,0,2328
5,Fall,867,42333,19403,QUEENS,685,1,0,0,0,0,0,0,1,0,685
6,Fall,882,32257,27471,MANHATTAN,1606,1,0,0,0,0,0,1,0,0,1606
7,Fall,893,36686,61818,BRONX,2209,1,0,0,0,1,0,0,0,0,2209
8,Fall,911,32500,79411,MANHATTAN,3423,1,0,0,0,0,0,1,0,0,3423
9,Fall,917,33720,30358,MANHATTAN,2158,1,0,0,0,0,0,1,0,0,2158
10,Fall,919,35594,78096,MANHATTAN,3653,1,0,0,0,0,0,1,0,0,3653
11,Fall,924,53829,12021,QUEENS,564,1,0,0,0,0,0,0,1,0,564
12,Fall,941,24805,47972,BRONX,3364,1,0,0,0,1,0,0,0,0,3364
13,Fall,942,31549,86486,BROOKLYN,4185,1,0,0,0,0,1,0,0,0,4185
14,Fall,948,25868,92712,BRONX,5987,1,0,0,0,1,0,0,0,0,5987
15,Fall,954,46340,44749,BRONX,660,1,0,0,0,1,0,0,0,0,660
16,Fall,956,28495,86469,BROOKLYN,4875,1,0,0,0,0,1,0,0,0,4875
17,Fall,964,24086,60266,BRONX,3924,1,0,0,0,1,0,0,0,0,3924
18,Fall,965,26419,48289,BRONX,2985,1,0,0,0,1,0,0,0,0,2985
19,Fall,972,55198,24562,STATEN ISLAND,1268,1,0,0,0,0,0,0,0,1,1268
20,Fall,1045,52082,38540,MANHATTAN,2187,1,0,0,0,0,0,1,0,0,2187
21,Fall,1057,22914,80516,BRONX,6431,1,0,0,0,1,0,0,0,0,6431
22,Fall,1063,42754,64120,MANHATTAN,3848,1,0,0,0,0,0,1,0,0,3848
23,Fall,1065,25771,75288,BRONX,6046,1,0,0,0,1,0,0,0,0,6046
24,Fall,1068,39463,20112,MANHATTAN,1027,1,0,0,0,0,0,1,0,0,1027
25,Fall,1072,53843,42054,STATEN ISLAND,2297,1,0,0,0,0,0,0,0,1,2297
26,Fall,1079,35849,93251,BROOKLYN,6264,1,0,0,0,0,1,0,0,0,6264
27,Fall,1079,35849,93251,QUEENS,1,1,0,0,0,0,0,0,1,0,1
28,Fall,1083,25967,74010,BRONX,5454,1,0,0,0,1,0,0,0,0,5454
29,Fall,1086,69201,24250,STATEN ISLAND,1252,1,0,0,0,0,0,0,0,1,1252
30,Fall,1089,41190,64946,QUEENS,2946,1,0,0,0,0,0,0,1,0,2946
31,Fall,1094,26901,12793,BRONX,1228,1,0,0,0,1,0,0,0,0,1228
32,Fall,1100,29934,68972,BRONX,5452,1,0,0,0,1,0,0,0,0,5452
33,Fall,1114,35686,72159,BROOKLYN,4414,1,0,0,0,0,1,0,0,0,4414
34,Fall,1131,37556,65434,BROOKLYN,5136,1,0,0,0,0,1,0,0,0,5136
35,Fall,1131,40054,63189,MANHATTAN,4797,1,0,0,0,0,0,1,0,0,4797
36,Fall,1134,45820,34703,QUEENS,1900,1,0,0,0,0,0,0,1,0,1900
37,Fall,1138,57454,66279,QUEENS,2581,1,0,0,0,0,0,0,1,0,2581
38,Fall,1143,30339,81698,BRONX,6479,1,0,0,0,1,0,0,0,0,6479
39,Fall,1160,34964,103045,BRONX,6938,1,0,0,0,1,0,0,0,0,6938
40,Fall,1165,44354,71645,BRONX,4176,1,0,0,0,1,0,0,0,0,4176
41,Fall,1167,34988,75537,BRONX,5817,1,0,0,0,1,0,0,0,0,5817
42,Fall,1171,37640,95715,BROOKLYN,5744,1,0,0,0,0,1,0,0,0,5744
43,Fall,1171,37640,95715,QUEENS,17,1,0,0,0,0,0,0,1,0,17
44,Fall,1174,41848,60778,MANHATTAN,5500,1,0,0,0,0,0,1,0,0,5500
45,Fall,1175,77278,15275,STATEN ISLAND,486,1,0,0,0,0,0,0,0,1,486
46,Fall,1185,88567,60951,STATEN ISLAND,2245,1,0,0,0,0,0,0,0,1,2245
47,Fall,1186,55700,39519,STATEN ISLAND,2532,1,0,0,0,0,0,0,0,1,2532
48,Fall,1195,74063,41533,STATEN ISLAND,2228,1,0,0,0,0,0,0,0,1,2228
49,Fall,1198,55864,17758,STATEN ISLAND,971,1,0,0,0,0,0,0,0,1,971
50,Fall,1205,55187,82914,BROOKLYN,3236,1,0,0,0,0,1,0,0,0,3236
51,Fall,1207,45578,78237,BROOKLYN,3923,1,0,0,0,0,1,0,0,0,3923
52,Fall,1208,46971,75920,BROOKLYN,4240,1,0,0,0,0,1,0,0,0,4240
53,Fall,1211,44647,79730,BROOKLYN,3260,1,0,0,0,0,1,0,0,0,3260
54,Fall,1220,52239,55816,BROOKLYN,4662,1,0,0,0,0,1,0,0,0,4662
55,Fall,1223,59520,68435,BROOKLYN,3784,1,0,0,0,0,1,0,0,0,3784
56,Fall,1226,48315,78725,BRONX,4514,1,0,0,0,1,0,0,0,0,4514
57,Fall,1229,47437,44818,BROOKLYN,4335,1,0,0,0,0,1,0,0,0,4335
58,Fall,1232,45643,43951,MANHATTAN,3879,1,0,0,0,0,0,1,0,0,3879
59,Fall,1232,78745,55031,STATEN ISLAND,2528,1,0,0,0,0,0,0,0,1,2528
60,Fall,1235,45811,45033,MANHATTAN,4123,1,0,0,0,0,0,1,0,0,4123
61,Fall,1236,56568,71657,BRONX,3674,1,0,0,0,1,0,0,0,0,3674
62,Fall,1236,56568,71657,MANHATTAN,389,1,0,0,0,0,0,1,0,0,389
63,Fall,1242,45031,101787,BROOKLYN,8363,1,0,0,0,0,1,0,0,0,8363
64,Fall,1246,52119,91728,BROOKLYN,3904,1,0,0,0,0,1,0,0,0,3904
65,Fall,1250,79145,21219,QUEENS,937,1,0,0,0,0,0,0,1,0,937
66,Fall,1251,76917,4300,BRONX,375,1,0,0,0,1,0,0,0,0,375
67,Fall,1254,43361,84034,BROOKLYN,5582,1,0,0,0,0,1,0,0,0,5582
68,Fall,1261,47135,79332,BROOKLYN,3345,1,0,0,0,0,1,0,0,0,3345
69,Fall,1261,48597,60323,BROOKLYN,5248,1,0,0,0,0,1,0,0,0,5248
70,Fall,1262,40576,101006,BROOKLYN,4341,1,0,0,0,0,1,0,0,0,4341
71,Fall,1274,77761,88585,STATEN ISLAND,3596,1,0,0,0,0,0,0,0,1,3596
72,Fall,1275,43344,88933,BROOKLYN,4568,1,0,0,0,0,1,0,0,0,4568
73,Fall,1277,73068,44950,BRONX,1999,1,0,0,0,1,0,0,0,0,1999
74,Fall,1293,57124,71664,BRONX,2977,1,0,0,0,1,0,0,0,0,2977
75,Fall,1294,46349,59353,MANHATTAN,4230,1,0,0,0,0,0,1,0,0,4230
76,Fall,1295,36573,96287,BROOKLYN,3118,1,0,0,0,0,1,0,0,0,3118
77,Fall,1299,65494,22941,QUEENS,751,1,0,0,0,0,0,0,1,0,751
78,Fall,1301,55332,50255,BRONX,3115,1,0,0,0,1,0,0,0,0,3115
79,Fall,1303,58839,14574,BRONX,1284,1,0,0,0,1,0,0,0,0,1284
80,Fall,1305,60885,100049,BROOKLYN,4292,1,0,0,0,0,1,0,0,0,4292
81,Fall,1307,38451,82028,QUEENS,3246,1,0,0,0,0,0,0,1,0,3246
82,Fall,1308,66070,31823,QUEENS,1240,1,0,0,0,0,0,0,1,0,1240
83,Fall,1314,57310,42663,QUEENS,1360,1,0,0,0,0,0,0,1,0,1360
84,Fall,1322,51964,26505,QUEENS,3245,1,0,0,0,0,0,0,1,0,3245
85,Fall,1333,71995,37802,QUEENS,1561,1,0,0,0,0,0,0,1,0,1561
86,Fall,1336,75362,95546,BROOKLYN,4371,1,0,0,0,0,1,0,0,0,4371
87,Fall,1337,60526,103372,BROOKLYN,6,1,0,0,0,0,1,0,0,0,6
88,Fall,1337,60526,103372,QUEENS,6240,1,0,0,0,0,0,0,1,0,6240
89,Fall,1339,93248,33459,STATEN ISLAND,1239,1,0,0,0,0,0,0,0,1,1239
90,Fall,1344,63641,46164,BROOKLYN,1944,1,0,0,0,0,1,0,0,0,1944
91,Fall,1347,52792,64109,QUEENS,2309,1,0,0,0,0,0,0,1,0,2309
92,Fall,1353,55268,57627,QUEENS,2532,1,0,0,0,0,0,0,1,0,2532
93,Fall,1356,52277,64686,QUEENS,2583,1,0,0,0,0,0,0,1,0,2583
94,Fall,1357,46351,53678,BROOKLYN,4270,1,0,0,0,0,1,0,0,0,4270
95,Fall,1357,46351,53678,QUEENS,24,1,0,0,0,0,0,0,1,0,24
96,Fall,1357,47785,29387,BROOKLYN,1717,1,0,0,0,0,1,0,0,0,1717
97,Fall,1365,87493,30347,STATEN ISLAND,1161,1,0,0,0,0,0,0,0,1,1161
98,Fall,1371,77037,26739,QUEENS,781,1,0,0,0,0,0,0,1,0,781
99,Fall,1384,59092,27144,QUEENS,1471,1,0,0,0,0,0,0,1,0,1471
100,Fall,1386,45677,96616,QUEENS,3367,1,0,0,0,0,0,0,1,0,3367
101,Fall,1389,55550,43158,QUEENS,1872,1,0,0,0,0,0,0,1,0,1872
102,Fall,1389,66978,31742,QUEENS,1782,1,0,0,0,0,0,0,1,0,1782
103,Fall,1391,51864,37823,QUEENS,1616,1,0,0,0,0,0,0,1,0,1616
104,Fall,1395,43660,58551,QUEENS,1984,1,0,0,0,0,0,0,1,0,1984
105,Fall,1395,63079,39908,QUEENS,2216,1,0,0,0,0,0,0,1,0,2216
106,Fall,1400,75320,36082,QUEENS,1825,1,0,0,0,0,0,0,1,0,1825
107,Fall,1401,61484,50549,QUEENS,2700,1,0,0,0,0,0,0,1,0,2700
108,Fall,1401,68675,19736,QUEENS,853,1,0,0,0,0,0,0,1,0,853
109,Fall,1402,65181,67822,BROOKLYN,4381,1,0,0,0,0,1,0,0,0,4381
110,Fall,1412,51675,90883,QUEENS,3708,1,0,0,0,0,0,0,1,0,3708
111,Fall,1412,91226,14722,QUEENS,358,1,0,0,0,0,0,0,1,0,358
112,Fall,1419,62014,51642,QUEENS,2854,1,0,0,0,0,0,0,1,0,2854
113,Fall,1432,64055,19308,QUEENS,1107,1,0,0,0,0,0,0,1,0,1107
114,Fall,1438,60821,74831,BROOKLYN,3588,1,0,0,0,0,1,0,0,0,3588
115,Fall,1438,81678,19300,QUEENS,703,1,0,0,0,0,0,0,1,0,703
116,Fall,1440,62509,44617,QUEENS,1328,1,0,0,0,0,0,0,1,0,1328
117,Fall,1447,57155,26102,QUEENS,1318,1,0,0,0,0,0,0,1,0,1318
118,Fall,1447,61631,33270,QUEENS,2303,1,0,0,0,0,0,0,1,0,2303
119,Fall,1449,64544,43341,BROOKLYN,3,1,0,0,0,0,1,0,0,0,3
120,Fall,1449,64544,43341,QUEENS,2174,1,0,0,0,0,0,0,1,0,2174
121,Fall,1450,66837,20136,QUEENS,1087,1,0,0,0,0,0,0,1,0,1087
122,Fall,1450,80025,94717,MANHATTAN,3697,1,0,0,0,0,0,1,0,0,3697
123,Fall,1462,56442,39409,QUEENS,2027,1,0,0,0,0,0,0,1,0,2027
124,Fall,1464,45980,112982,QUEENS,4434,1,0,0,0,0,0,0,1,0,4434
125,Fall,1486,111035,41381,QUEENS,77,1,0,0,0,0,0,0,1,0,77
126,Fall,1504,81594,21601,BRONX,874,1,0,0,0,1,0,0,0,0,874
127,Fall,1508,102306,27650,QUEENS,135,1,0,0,0,0,0,0,1,0,135
128,Fall,1520,59190,99964,BROOKLYN,3887,1,0,0,0,0,1,0,0,0,3887
129,Fall,1520,66173,37461,QUEENS,1681,1,0,0,0,0,0,0,1,0,1681
130,Fall,1521,57849,24405,QUEENS,1343,1,0,0,0,0,0,0,1,0,1343
131,Fall,1529,56674,33750,QUEENS,1676,1,0,0,0,0,0,0,1,0,1676
132,Fall,1531,62775,38861,QUEENS,2149,1,0,0,0,0,0,0,1,0,2149
133,Fall,1532,70490,28247,BROOKLYN,4,1,0,0,0,0,1,0,0,0,4
134,Fall,1532,70490,28247,QUEENS,1130,1,0,0,0,0,0,0,1,0,1130
135,Fall,1538,80758,42699,QUEENS,1485,1,0,0,0,0,0,0,1,0,1485
136,Fall,1545,53293,34445,QUEENS,1043,1,0,0,0,0,0,0,1,0,1043
137,Fall,1554,60788,59799,MANHATTAN,3582,1,0,0,0,0,0,1,0,0,3582
138,Fall,1554,77487,19991,QUEENS,639,1,0,0,0,0,0,0,1,0,639
139,Fall,1560,75757,53992,BROOKLYN,4114,1,0,0,0,0,1,0,0,0,4114
140,Fall,1574,62841,37297,QUEENS,1825,1,0,0,0,0,0,0,1,0,1825
141,Fall,1581,85436,33408,QUEENS,1039,1,0,0,0,0,0,0,1,0,1039
142,Fall,1600,72982,71159,QUEENS,2609,1,0,0,0,0,0,0,1,0,2609
143,Fall,1621,74255,39259,QUEENS,1446,1,0,0,0,0,0,0,1,0,1446
144,Fall,1623,70408,35068,QUEENS,1005,1,0,0,0,0,0,0,1,0,1005
145,Fall,1631,78223,14042,QUEENS,1254,1,0,0,0,0,0,0,1,0,1254
146,Fall,1662,81846,29322,QUEENS,1003,1,0,0,0,0,0,0,1,0,1003
147,Fall,1663,104167,28211,MANHATTAN,2170,1,0,0,0,0,0,1,0,0,2170
148,Fall,1666,84223,36302,BROOKLYN,2048,1,0,0,0,0,1,0,0,0,2048
149,Fall,1716,82827,18198,QUEENS,573,1,0,0,0,0,0,0,1,0,573
150,Fall,1777,90443,7577,QUEENS,381,1,0,0,0,0,0,0,1,0,381
151,Fall,1781,73391,35695,BROOKLYN,2617,1,0,0,0,0,1,0,0,0,2617
152,Fall,1791,94970,38670,BROOKLYN,2739,1,0,0,0,0,1,0,0,0,2739
153,Fall,1853,150688,12560,BRONX,2,1,0,0,0,1,0,0,0,0,2
154,Fall,1947,118594,58516,MANHATTAN,2360,1,0,0,0,0,0,1,0,0,2360
155,Fall,1949,82982,19309,QUEENS,431,1,0,0,0,0,0,0,1,0,431
156,Fall,1961,115681,45261,MANHATTAN,1448,1,0,0,0,0,0,1,0,0,1448
157,Fall,2000,108178,69965,BROOKLYN,3268,1,0,0,0,0,1,0,0,0,3268
158,Fall,2029,114134,50404,MANHATTAN,2597,1,0,0,0,0,0,1,0,0,2597
159,Fall,2037,114481,23353,MANHATTAN,687,1,0,0,0,0,0,1,0,0,687
160,Fall,2053,83812,25987,MANHATTAN,2235,1,0,0,0,0,0,1,0,0,2235
161,Fall,2056,103817,63006,MANHATTAN,1628,1,0,0,0,0,0,1,0,0,1628
162,Fall,2103,109472,60061,BROOKLYN,3666,1,0,0,0,0,1,0,0,0,3666
163,Fall,2103,109472,60061,MANHATTAN,1,1,0,0,0,0,0,1,0,0,1
164,Fall,2114,85168,23332,MANHATTAN,2165,1,0,0,0,0,0,1,0,0,2165
165,Fall,2117,100791,56767,MANHATTAN,3613,1,0,0,0,0,0,1,0,0,3613
166,Fall,2128,101815,24536,MANHATTAN,1825,1,0,0,0,0,0,1,0,0,1825
167,Fall,2181,86483,11731,MANHATTAN,79,1,0,0,0,0,0,1,0,0,79
168,Fall,2185,82910,22300,MANHATTAN,1145,1,0,0,0,0,0,1,0,0,1145
169,Fall,2187,111302,48205,MANHATTAN,1607,1,0,0,0,0,0,1,0,0,1607
170,Fall,2211,94477,39505,MANHATTAN,2739,1,0,0,0,0,0,1,0,0,2739
171,Fall,2214,106795,16533,MANHATTAN,735,1,0,0,0,0,0,1,0,0,735
172,Fall,2251,118310,30001,MANHATTAN,1174,1,0,0,0,0,0,1,0,0,1174
173,Fall,2256,115080,60307,MANHATTAN,1861,1,0,0,0,0,0,1,0,0,1861
174,Fall,2298,63368,1926,QUEENS,6,1,0,0,0,0,0,0,1,0,6
175,Fall,2337,119026,31464,MANHATTAN,2197,1,0,0,0,0,0,1,0,0,2197
176,Fall,2386,123693,30262,MANHATTAN,1334,1,0,0,0,0,0,1,0,0,1334
177,Fall,2440,102703,50444,MANHATTAN,2763,1,0,0,0,0,0,1,0,0,2763
178,Fall,2442,110142,32854,MANHATTAN,1392,1,0,0,0,0,0,1,0,0,1392
179,Fall,2735,178822,1253,MANHATTAN,1,1,0,0,0,0,0,1,0,0,1
180,Fall,2847,125364,3277,MANHATTAN,223,1,0,0,0,0,0,1,0,0,223
181,Fall,2849,105479,9684,MANHATTAN,834,1,0,0,0,0,0,1,0,0,834
182,Fall,2911,123056,3044,MANHATTAN,373,1,0,0,0,0,0,1,0,0,373
183,Fall,2936,146875,9845,MANHATTAN,121,1,0,0,0,0,0,1,0,0,121
184,Fall,2974,250000,5635,MANHATTAN,334,1,0,0,0,0,0,1,0,0,334
185,Fall,3000,133070,4964,QUEENS,31,1,0,0,0,0,0,0,1,0,31
186,Fall,3005,130116,8710,MANHATTAN,404,1,0,0,0,0,0,1,0,0,404
187,Fall,3064,155702,5231,MANHATTAN,98,1,0,0,0,0,0,1,0,0,98
188,Fall,3339,234958,6740,MANHATTAN,593,1,0,0,0,0,0,1,0,0,593
